11.816253400832503
40.663333333333334
3.2375
43.04
10.04
32.01
32.55
31.29
22.55
36.49
40.4
21.35833333333333
31.04216666666667
35.08
40.72
44.12
13.48
17.04
36.57
35.97
15.93
42.1
21.43
37.9
31.32
28.5
43.44
39.7
15.03
7.16
8.25
37.23
41.43
15.99
36.04
12.101666666666667
18.37
14.92
36.06
42.47
9.99
36.55
19.8
40.6
32.07
37.53833333333333
12.8
20.48
6.67
4.28
34.72
6.793333333333334
5.25
20.17
26.09
3.4414285714285713
7.53
24.979
15.453333333333333
22.23
37.29
20.65666666666667
19.03
40.08
21.85
13.97
4.15
40.02
24.47333333333333
8.345
41.66
40.54
37.86
17.62
33.29
44.25
16.62
31.77
6.413333333333334
34.01
28.16
38.93
19.75
7.38
14.379047619047613
13.17
36.85
14.35
39.35
35.27
4.801333333333333
34.13
29.637333333333334
40.55
29.97
36.14
15.38
26.83
4.133333333333333
47.8
39.31
14.379047619047613
24.09
40.39
30.19
29.33333333333333
22.89
30.89
39.79
7.06
17.41
29.78
16.09
29.55
41.68
33.62
34.6
40.74
7.523333333333333
20.2
39.99
21.37666666666667
16.42
42.8
37.54
38.74
12.88
15.89
20.7
32.61
22.62
33.71
23.61
28.25
40.31
38.29333333333333
28.55
7.31
20.02
40.41
4.74
32.02
34.52
34.52
13.3
22.63
29.56
31.07
18.03
29.08
46.18
25.01
7.8533333333333335
40.1
23.52
35.04
36.5
9.97
25.58
16.354
10.118333333333334
27.62
30.15
11.66
37.81
0.2
40.31
37.548
14.26
20.0
37.32
25.29
37.91
37.38
31.42
39.81
16.18
25.84
23.44
14.89
33.17
13.382
7.66
38.04
37.87
0.0
13.686666666666666
39.403333333333336
20.14
34.57
44.59
16.605
31.38
12.288119047619048
18.903333333333332
38.1
18.87
38.96
30.43
25.44
30.12
27.68
9.89
38.29
40.15
38.68
8.35
24.1
6.35
14.906333333333333
41.26
30.74
22.0
6.36
30.616666666666664
41.11
32.85
23.39
39.19
2.7557142857142853
25.58
22.5
40.29
35.19
38.25
7.32
37.75
20.17
38.89783333333334
38.71
39.152
18.88
38.4
11.113333333333333
34.56
40.735
15.43
22.885
39.13
38.06
4.87
42.18
37.62
6.762469585969586
40.9
43.219904761904765
22.236666666666665
40.36
17.19
42.65
25.66
43.03
26.453333333333333
40.51
4.02
10.53
30.0
22.72
21.01
42.87
24.41
22.86
26.37
13.43
30.19
45.04
41.31
30.75
24.08
38.78
0.0
23.5
15.8
31.36
14.17
37.93
17.093434343434343
37.5
36.34
20.97
12.88
8.6
34.33
2.875809523809524
25.23
42.07
31.79
3.5277777777777777
3.26
17.35
8.59
27.45
23.34
34.43
1.21
45.69
32.41
3.86
36.02
26.62
5.82
35.52166666666667
34.97
37.23
31.693333333333335
1.57
1.748333333333333
39.84
19.95
2.4
28.06
35.9
12.26
39.02666666666667
1.56
28.21666666666667
47.72
14.8
38.18
11.56
9.2
43.65
37.74
40.98
42.437904761904754
14.286666666666667
37.87
20.96
42.73
24.26
49.33
36.7
5.098888888888889
0.4
28.11
39.73
41.35
11.95
13.17
20.83
28.216666666666665
4.55
41.1
15.84
18.32
15.3
35.36
0.0
21.79
40.88
10.77
39.211
3.2
29.55
5.98
39.85
2.9
39.95
21.77083333333333
17.16
38.25
34.11333333333333
40.13
39.68
10.71
32.07
11.16
40.23
11.832380952380952
33.74
17.07
19.55
1.916
41.69
2.46
33.3
20.92
17.65
39.36
10.01
25.34
13.376666666666665
29.93
39.135
9.785
13.48
13.29
37.88
16.17
38.99
4.853492063492064
16.79
20.10333333333333
25.17
21.64
38.505
37.79
29.52
33.47666666666667
43.11
23.90833333333333
32.86
29.42
10.96
39.44
0.66
18.89
48.03
24.31
39.38
21.37
37.34
30.21
8.88
33.7
4.414
7.13
25.861666666666665
7.25
19.34
39.7
23.51
29.17
26.19
38.77
22.79
4.175
33.37
30.89
9.54
30.97
41.81
47.11
11.506666666666666
39.24
39.63
4.92
39.43
8.85
39.06
39.92
38.53
38.9
40.14
5.23
43.55
38.5
37.6
17.71
38.395
9.066666666666666
21.32
19.29
21.89
9.66
4.45
31.59
9.41
36.2
34.96
41.17
12.205
33.65
20.78
31.97
17.91
34.92
19.43
38.25
41.38
13.21
1.5166666666666666
9.17
6.793333333333334
24.49
6.09
22.03
41.2
0.0
6.189880952380953
12.44
15.11
2.32
36.28
40.57
31.54
40.23
15.49
6.69
38.22
25.53
40.98
33.88400000000001
16.48
10.833333333333332
6.16
1.432
28.93
41.02
0.8616666666666666
9.32
23.2
35.41
39.27
28.71
38.79
30.75
10.56
6.0825
38.7
8.71
25.265
8.08
2.5395238095238093
27.94
25.39
37.54
8.45
4.53
38.56
28.1
26.69
28.02
37.89
25.741999999999997
34.99
7.09
45.85
0.0
12.96
33.58
7.92
36.22
38.303333333333335
14.66
41.33
29.85
14.11
26.38
18.48
23.35
15.7
32.43
23.88
37.19
38.55
5.09
21.29
20.1
25.38
31.03
38.76
39.91
34.14
2.7557142857142853
29.23
35.1
1.5319999999999998
24.39
31.78
5.14
7.45
38.70333333333333
42.0
23.35
40.45
0.0
27.98
33.36
12.37
8.22
19.44
17.19
21.37
11.644761904761904
15.48
9.82
23.681666666666665
43.01
37.55
14.657619047619049
44.23
41.16
28.1
40.96
5.13
33.334666666666664
8.8875
21.95
35.86
29.87
36.77
39.52
10.93
27.99
28.83
30.28
40.85
24.39
13.33
38.4
39.35
8.9
21.26
27.71333333333333
10.68
16.77
41.99
28.53
2.05
19.9
39.17
28.26
0.5666666666666668
15.91
21.04
15.15
41.32
35.85
15.81
40.2
24.05
28.69
21.97
27.26
23.97
32.08
36.71
14.11
45.7
22.94
36.842
37.96416666666667
33.1
4.76649938949939
1.5166666666666666
12.95
40.34
38.91
6.73
35.94
21.14
12.7
2.7
25.61
12.92
14.61
16.81
26.742000000000004
14.21
39.01
43.10333333333334
1.48
36.51
36.13
44.16
31.98
38.83
38.84
10.79
27.94
29.51
1.96
16.58
39.04
38.39
27.275
40.82
42.26
36.88
37.26
35.02
39.32
28.05583333333333
18.2
54.08
1.36
40.97
37.43766666666667
25.67
33.09
12.26
13.71373015873016
17.57
17.29
39.79
30.52333333333333
7.18
3.71
41.37
34.285
22.58
24.56666666666667
38.56
25.635
36.65
38.97
40.29
20.93
10.503333333333332
15.24
12.58
8.356666666666666
14.98
29.2
37.62
34.9
20.82
24.51
2.46
23.59
35.1
11.14
29.85
22.98
6.66
26.77
40.49
18.92
37.16
29.48
14.72
12.05
39.01
4.5
36.08
20.86
22.49
13.35
27.19
39.83
30.2
40.26
24.33
23.174
38.0
15.59
14.11
14.63
3.99
26.866666666666664
19.54
13.461666666666666
35.39
21.03
30.97
20.74
42.20333333333334
28.69
16.09
38.73
6.27
19.376666666666665
34.72666666666667
40.52
20.83
32.37
24.69
8.055000000000001
21.51
38.6
34.53
19.74
39.38
37.18
33.3
21.61
7.31
43.23
30.51
14.34
21.8
31.67
24.97
24.31
9.89
38.07
38.43
6.87
37.80866666666666
15.72
19.38
18.14
38.9
6.801285714285715
39.28
37.083666666666666
36.58
30.536666666666665
23.90333333333333
28.42
23.41666666666667
5.52
13.36
23.04
15.0
36.94
35.19
16.19
38.01
39.74
29.24
29.6
21.44
37.33
39.72
38.43
43.19
2.38
21.72333333333333
36.42
38.49
33.68
36.479166666666664
11.03
47.58
34.99
41.87
11.55
24.81333333333333
7.03
30.04
10.466666666666667
13.2
14.5635
38.01
39.97
39.51
19.34
14.03
12.41
44.11
30.25
4.79
6.836666666666668
13.5
38.38
34.14
23.19
31.68
17.45
2.88
21.64333333333333
38.71
42.37
15.81
11.34
15.4
14.01
32.553333333333335
37.69
38.45
22.8
38.23
43.39
42.39
31.26
15.095
11.94
20.019166666666667
14.87875
25.704285714285717
14.88
6.466666666666666
26.06
38.57
42.0
33.5
17.0
25.99
30.87
24.0
23.5
19.44
3.04
28.27
15.25
14.769999999999998
14.18
37.24
0.35
37.185
8.055000000000001
22.46
17.13
26.984
10.57
10.47
36.656666666666666
38.65
32.34
39.45
5.1883333333333335
38.49
32.57
32.51
4.2457142857142856
8.33
46.13
17.83
42.23
38.55
30.53
38.13
11.34
29.72
40.95
41.64
36.79
37.73
7.75
4.33
19.52
39.19
32.99
9.41
42.97
26.42
39.42
44.1
13.609166666666667
0.0
6.27
21.5
6.762469585969586
7.71
40.21
33.46
12.27
31.18
9.8
41.08
20.76
13.79
14.08
25.11
26.29
18.85
7.8
40.85
17.36
14.12
27.33
2.55
42.0
9.87557142857143
32.138333333333335
27.8
48.47
16.845555555555553
8.055000000000001
10.06
14.81
18.73
7.63
35.98
14.657619047619049
36.98
26.85
36.47
17.81
3.8
17.93
23.80333333333333
14.18
27.62
1.432
26.35333333333333
35.2
3.256666666666667
20.42
26.0
39.99
9.4
19.89
26.126666666666665
14.17
29.97
39.42
13.83
30.076666666666664
23.115
37.51
12.47
6.58
17.4
29.87
32.44
18.26
33.43
33.25
4.056
39.09
33.46
17.31
22.21
40.27
9.255714285714285
11.551999999999998
27.116666666666664
16.85
2.57
38.68
34.84
5.05
13.07
39.28666666666667
24.39
13.78
21.37
38.22
39.73659523809524
19.04
26.5
19.39
9.458333333333332
37.43
32.56
22.68
11.598888888888888
39.61
8.87
32.0
45.35
25.07357142857143
13.12
24.09
39.75
39.29
16.933333333333334
23.8
26.05
1.82
10.46
20.13
23.96
0.5666666666666668
16.21
40.44
16.27
33.76
14.55
18.03
14.85
0.4
40.92
30.09
18.95
37.92
33.1
6.43
39.61
38.94433333333333
35.16
38.41
39.65
15.7
28.18
26.2
41.8425
9.16
15.56
14.31
40.84
15.3
16.8
24.9
38.6
7.97
35.96
14.37
29.05
29.53
31.601999999999997
23.88
39.7
12.8
35.87647619047619
37.45
0.0
34.39666666666667
11.22
18.2
39.68
19.9
23.51
22.18333333333333
3.36
33.72666666666666
25.41
36.93
25.86
44.95
38.24
34.12
25.084
14.14
36.2
37.5
15.25
39.35
6.32
5.245333333333333
44.61
27.27
34.04
19.013333333333332
25.91
40.16
22.06
38.77
14.32
42.92
29.70916666666667
40.37
23.9
39.89
3.0
36.46
38.918
41.45
33.84
20.62666666666667
43.6
41.04
22.22
40.593333333333334
15.33
7.47
22.83
31.71
14.12
16.85
37.075
30.2
20.7
41.94
29.32
13.34
39.11
21.64
26.56
5.68
44.03
36.92
40.85
13.903333333333332
6.584166666666667
31.55
24.761999999999997
36.68
32.65
11.99
40.85
11.66
38.37
19.52
19.14
31.99
10.32
33.68
27.1
32.55
39.43
36.98
24.56
15.78
13.15
35.89
6.762469585969586
8.81
17.29
6.58
6.99
37.79
34.9
15.56
38.39
38.93
37.33
21.97
0.65
42.63
17.34
23.513333333333335
31.02
40.6325
4.4366666666666665
10.92
20.93
37.04
16.56
34.93
20.154666666666667
0.66
0.0
37.64
11.15
10.03
31.17
15.25
30.02
31.585
44.32
35.55
39.12
23.82
13.34
1.8191666666666664
20.85
12.35
9.043333333333333
37.6
33.15
28.108
38.888666666666666
22.11
41.95
28.584
40.85
18.184666666666665
42.92
14.062380952380952
37.03
13.43
12.46
37.27
9.31
30.8
2.23
27.13
37.06666666666666
40.62
24.67
35.74333333333333
15.84
10.42
25.63
18.03
14.09
24.4
39.02
16.82
16.95
53.422
11.393333333333334
20.09
9.12
32.99
30.57
30.61
41.77
21.65
17.94
9.58
24.64
6.58
41.56
12.44
38.45
36.84
39.66
24.17
26.35
25.02
0.0
18.59
42.875
23.25
24.01
39.4
21.9
11.06
34.18
18.86
30.46
11.55
36.83
10.94
20.96
12.64
19.87
7.32
16.456666666666663
23.56
13.13
0.0
19.7
3.6166666666666663
36.87666666666667
35.35
26.71
5.85
10.3
41.94
36.34333333333334
19.37
37.41
14.55
40.39
37.31
25.10666666666667
39.93
25.26
40.18
17.95
27.92
5.47
8.77
45.26
18.54
17.98
6.06
9.74
31.64
23.46
42.85
7.472238095238095
37.64
35.23
36.42933333333333
12.83
30.73
31.62
38.44
36.38
41.85
0.0
28.66
42.58
23.26
11.62
30.39
42.07
14.09
18.262083333333333
33.37
38.76
44.12
36.65
1.25
34.09
19.38
15.23
21.560666666666666
16.99
39.72
23.69
11.66
2.68
26.14
36.34
36.24
16.17
15.581
0.0
35.82
16.79
9.8
22.77
21.79
15.86
9.5
29.97
13.55
40.73833333333333
39.17916666666667
23.95
32.27
0.4
40.8
14.98
36.0
21.85666666666667
26.22
38.7
41.7
17.42
20.05
27.2
39.53
17.73
22.065
11.33
19.61
36.9
10.233333333333334
23.79
23.46
11.47
41.62
0.2
25.2
10.67
15.74
36.18
39.83
43.89
39.66
13.025
33.42
40.75
39.71
4.06
36.71
11.39
12.61
7.19
1.8466666666666667
12.05
0.35
37.54
38.78
21.53
30.35
39.57
42.45
22.33
30.568333333333335
0.0
8.68
12.67
21.62
35.66
17.013333333333335
28.49
40.54
14.02
27.32
38.8
34.04
35.818333333333335
27.45
40.16
38.99666666666667
7.62
14.67
44.25
5.92
40.36
27.79
32.37
37.95
22.443333333333335
17.22
37.53
9.83
8.64
44.28333333333333
32.9325
39.88
36.94
36.99
41.77
12.09
15.86
8.923333333333334
38.24
24.5
26.36
34.4
10.78
24.71
36.76
40.15
39.05
24.73
10.76
39.88
34.9
30.52
42.64
36.54
2.62
3.45
11.75
26.92
31.68
17.87
42.78
23.68
17.49
43.82
8.75
5.1
25.61
26.0
17.66
15.03
21.0
26.585
20.4
20.89
3.77
42.85
22.65
18.47
37.7
0.07466666666666667
41.04
15.05
20.43
12.234666666666667
3.4414285714285713
37.23
12.24
17.87
22.23
33.3
30.46
9.72
38.03
2.96
43.66
21.91
40.06999999999999
18.88
14.66
13.16
11.033333333333335
37.98
42.29
4.56
40.75
9.33
32.56
42.14
17.87
13.79
6.68
1.5538095238095238
9.87
39.73
15.89
0.4
19.505
36.51
22.62
35.58
38.52
39.62666666666667
23.58
14.28
36.9
34.9
10.65800865800866
23.14
16.56
39.91
27.189166666666665
26.62
42.47
23.15
41.66
6.762469585969586
11.6
33.37
38.11
15.84
22.49
17.47
36.01
17.27
18.81
8.6
27.09
27.94
38.15866666666666
8.23
17.38
39.53
36.92
40.45
26.12
43.52
18.22
26.94
40.92
12.74
19.6
3.44
5.98
2.0
35.14
33.95
39.62
34.34
43.47
1.8466666666666667
14.02
15.23
14.43
36.56
13.303333333333333
40.08
39.6
19.37
27.98
26.77990476190476
2.6475
38.64
27.48
16.253333333333334
17.74
7.51
19.406666666666666
24.33
28.06
38.2
34.97
39.58
35.818000000000005
16.62
39.38666666666667
27.35
35.516666666666666
26.27
23.19
2.3591666666666664
35.46
40.52
40.065
1.431904761904762
25.69
30.79
20.65
40.02
21.26
36.42
22.42
26.9
32.72
39.88
38.89
4.94
28.576666666666664
37.16
34.245
0.0
37.51
46.79
38.8
35.73
14.77
10.285
2.09
6.0825
28.54
39.42
37.97
42.15
3.93
2.26
18.240416666666665
8.25
39.19
0.0
1.8666666666666665
17.02
15.27
30.66
20.19
33.57
22.27
16.96
33.2
38.98
39.64
41.12
25.45
4.25
1.5538095238095238
30.59
30.48
4.0925
31.01
39.18
15.99
8.72
40.16
47.8
5.136666666666667
15.408333333333335
34.65
24.74
7.42
6.15
27.06
19.47533333333333
38.9
26.18
5.72
18.98
16.5
44.7
39.37
12.07
25.32
21.89
18.38
38.07
11.05
16.53
39.01
27.61
39.53
32.66
38.87
22.16
24.52
12.6
39.78
26.63
37.87
34.99
39.7
25.12
12.21
21.04
29.21
38.83
17.03
38.12
15.81
13.85
24.13
10.96
1.08
42.12
26.46
20.0
7.91
4.953333333333333
1.59
40.83
38.54
19.06
38.09
13.805
18.78
37.33
24.15
28.5
25.34822222222222
20.14
7.3
13.81
21.33
17.21
36.232
16.34
4.95
14.05
10.77
29.63
33.67
29.343333333333334
31.017333333333337
39.92
14.66
24.33
38.08
0.4036666666666667
37.32
42.36
14.63
41.9
0.84
30.06
11.57
35.79
36.34
35.1
42.21
33.39
39.18
39.77
14.72
26.3
40.495
19.6
39.64
43.32
30.57
17.29
20.89
42.88
23.8
20.57
45.36
28.29
36.5
39.87
42.56
21.7
38.55
26.18
30.9
22.81
33.12
13.57
30.96
7.32
11.0
6.65
11.873333333333335
8.26
29.29
42.91
38.26
9.5
27.13
40.5
20.83
33.53
25.76
27.35
8.28
7.18
39.47
41.42
12.21
25.1
31.63
48.96
4.49
31.89
29.18
39.79
45.52
35.75666666666667
18.85
12.606666666666667
1.36
23.91
22.99
27.24
38.57
41.69
13.92
44.95
17.26
30.92
20.34
19.99
13.14
11.958666666666668
20.83
36.895
28.23
11.43
40.27
29.97
15.84
6.65
38.02
20.75
23.71
40.17
12.37
28.53
38.48
38.05
36.095
15.05
36.71
38.4
35.51
40.04
0.35
31.265
18.17
1.8
4.670372405372406
14.62
15.8
39.24
40.251333333333335
24.79
8.69
26.25
18.89
21.99
13.668
39.68
42.05
5.166666666666668
1.48
17.46
40.52
42.0
42.37
39.66
39.68
35.94
7.09
36.85
18.68
19.39
39.99
23.49
40.29
5.46
38.18
21.59
3.25
16.9
14.49
27.03
37.17
3.87
5.72
32.9055
32.77
17.88
13.38
39.83
33.86
39.87
36.61666666666667
39.75
35.76
26.47
3.2375
28.76
5.52
24.47666666666667
15.51
19.46
22.13
12.25
45.02
42.71
27.7275
4.0925
43.24
10.176666666666666
14.11
21.056666666666665
34.98
36.56
32.62
40.11
32.23
28.83
11.25
34.27
16.88
29.79
22.44
37.81333333333333
43.85
32.9325
5.823333333333332
2.875809523809524
14.65
6.8
28.71
10.53
37.25
9.73333333333333
20.775
34.913333333333334
41.31
33.04
12.99
29.865333333333332
15.77
37.43
47.49
11.686666666666667
22.93
39.92
19.313333333333336
1.3
34.29
22.23
33.61
28.31
36.21
26.02
25.97866666666667
34.49666666666666
30.87
33.73
39.97
13.32
40.35
32.53
27.02
17.513333333333335
32.81
24.98
11.9
26.32
21.35
35.08
45.76
31.13
7.814166666666666
43.77
24.86
37.78
11.113333333333333
33.85
45.16
40.45
29.028666666666666
19.57
39.73
24.51
25.55
32.42
44.36
32.1
36.76833333333334
21.55
31.07
24.12
40.04
38.28
17.74
26.48
0.46666666666666673
42.88
12.55
36.28
22.23
13.9
0.36
49.79
19.93
19.94
39.09
17.155
4.056
43.89
20.54
29.69
8.641486291486292
17.89
33.2
47.99
27.9
40.52
10.56
36.696666666666665
21.84
37.8
21.86
17.62
2.77
23.48
24.14
40.82
18.66
35.52166666666667
35.94
23.79
16.81
40.02
26.25
5.18
32.55
32.5
3.49
13.52
13.87
39.73
11.73
0.0
16.47
18.24
10.57
43.72
32.24
25.35
15.74
3.516666666666667
41.23533333333333
20.33
38.00666666666667
20.72
36.41
38.43
0.4036666666666667
33.45
23.11
38.38
15.159999999999998
15.81
28.88
24.43
40.02
20.0
39.77
16.71
47.7
20.95
32.82
39.92
7.75
7.17
22.216666666666665
37.22
14.65
34.82
13.05
25.9
0.48
0.66
28.69
31.28
38.39
15.15
32.9055
27.13
4.24
19.55333333333333
40.53
17.13
6.44
22.75
18.08
34.34
32.38
9.216095238095239
39.34
26.79
25.51
22.67
27.81
25.85
13.23
21.76
8.643333333333334
36.79833333333333
36.06
6.2
39.68
21.3
24.37
23.91
39.88
13.08
6.395
36.23
17.09
36.84
36.3
39.26
40.9
7.9
0.95
39.11
25.29
24.62
40.13
24.46
29.16
12.084761904761907
0.0
22.61
11.53
17.6
37.66
6.176666666666666
38.89
12.23
38.74
34.913333333333334
32.51333333333333
34.65
28.5
42.46
17.45
19.13
31.77
22.29
33.79
14.87
29.78333333333333
10.01
17.87
27.43
19.36
9.15
14.01
17.31
4.209428571428571
16.71
27.32
37.05
35.51
46.39333333333333
23.01
5.11
1.7
2.96
38.18
10.65
28.06666666666667
40.29
42.48
24.3
37.67
25.08
0.7166666666666667
39.71
51.94
16.08
42.25
35.91
38.06
12.7
12.24
39.75
16.44
37.15
9.456666666666667
8.03
16.45
40.06
36.86
20.02
46.79
39.39
16.84
39.83
43.52
42.35
40.49
0.2
17.56
24.1
10.95
19.815
45.39666666666666
44.87
9.36
37.72
36.87
41.38
38.07
3.7
9.7
2.08
7.67
17.23
38.55
44.54
4.36
27.74
22.77
31.693333333333335
39.36
12.09
12.49
38.99
38.22
39.58
30.32
33.56
27.32
39.06
21.01
37.24166666666667
38.04
3.51
5.75
30.95
36.2
36.53
30.77
30.76
40.63
43.46
38.38
41.85
26.97
36.85
24.495
35.79
44.5
12.99
47.83
34.65333333333333
29.02166666666667
20.24
39.57
32.18600000000001
42.53
18.27208333333333
57.33
29.86
8.43
39.79
27.9
33.37
18.32
38.26
21.77
11.96
38.05
28.37
38.15
39.3
12.59
33.73
40.97
33.62
30.41
2.35
17.74
18.9
39.77
12.33
20.5
28.9
43.99
17.68
0.75
4.11494227994228
2.42
43.2
19.48
39.3
30.14
19.17
14.51
45.84
6.6
13.513333333333335
18.57
30.10333333333333
20.09
38.75
36.45
30.96
13.47
12.28
46.64333333333334
21.77
41.53833333333334
32.95
36.63
28.57
16.54
29.98
18.7
33.12
14.533904761904761
6.97
27.28
33.93333333333334
15.87
37.8
39.2
17.93
23.85
22.4
39.54
16.74
41.01
39.02
18.78
28.99
39.58
23.38
19.45
42.14
6.0233333333333325
21.8
37.79333333333334
15.59
40.49
40.15
11.55
35.55
35.14333333333334
16.57
13.03
5.122534132534136
43.67
34.67333333333333
21.71
17.51
4.42
22.65666666666667
29.71041666666667
7.13
35.62
13.776666666666666
19.63
9.71
14.817142857142859
32.89285714285714
0.2
11.21
18.34
42.53
20.69
42.01
25.40666666666667
31.59
1.75
40.65
10.49
23.16
20.47
40.99
25.68
4.7
32.388333333333335
37.74
22.55
40.545
14.585
10.261333333333333
36.0
42.88
39.71
23.29
34.61
16.75
14.44
41.24
36.98285714285714
40.71
0.6
21.15
38.17
17.94
32.11833333333333
5.122534132534136
15.73
45.07
39.28
36.22
42.79
28.88
39.10666666666666
17.168
10.51
42.93
8.77
40.03
35.242
37.86
10.62
37.269999999999996
32.95
0.8525
17.11
39.63
35.41
27.98
4.12
37.69416666666667
10.09
27.71
25.98
25.905
33.79
20.32
11.81
35.27
26.14
23.2875
31.893333333333334
39.44
30.59
39.95
0.4
5.18
13.9
26.68
37.35
8.38
40.75
37.72
39.37
21.59
31.66
35.21
8.5
30.96
0.6604007936507935
16.67
0.475
6.85
39.48
22.4
43.83
31.02133333333333
34.38
10.22
26.49
5.41
37.61
18.04
36.77
32.61
41.88666666666666
30.97
11.03
41.28
5.65
5.27
39.03
41.94
40.63
0.0
26.17
36.36
39.16
12.98
17.21
35.74
1.3
25.46
0.0
7.75
42.0
30.6
11.44
31.26
28.07
36.58
41.93
34.3
25.24
21.95
17.06
24.71
37.49
4.88
32.74
22.38
40.07
30.61333333333333
7.51
33.4
2.725952380952381
17.353333333333335
37.55
37.86
26.64666666666667
38.32
8.48
15.638
40.09
41.53
34.22
17.736666666666665
13.15
41.3
39.04
32.11
17.757333333333335
36.23
2.32
1.8466666666666667
15.44
39.72
41.39
37.38
37.27
15.84
36.42
7.18
29.38
26.84
2.55
38.98
39.77
36.31
27.78
21.03333333333333
16.1
1.2
0.0
12.743333333333334
41.16
22.79
19.22
33.21
29.82
23.19
23.55
2.725952380952381
36.07333333333334
30.32
28.7
40.14
11.58
38.89
24.79
33.55
26.53
2.48
0.7
25.11
40.1680238095238
37.78
1.2341666666666666
11.88
28.76
36.99
7.94
40.45
16.845555555555553
14.739880952380952
50.04333333333334
36.83
17.79
26.22
37.58
30.85
38.35
32.88
39.41
6.189880952380953
49.55
12.11
2.6096190476190473
32.33
32.57
1.5166666666666666
39.72
26.615
37.98
23.62
6.0825
39.8425
35.67
34.58833333333334
5.92
17.38
18.18
30.84
13.21
30.39
41.43
18.27
37.67
41.74
21.42
16.97
31.49
39.25
38.51
42.31
36.18
20.9
48.61
36.55
21.86
25.0
38.42
38.36
40.33
38.06
29.79
31.73
13.78
9.3
19.9
46.15
37.41
1.1464642857142857
39.92
28.036666666666665
42.57
19.66
41.06
6.9
22.85
7.99
33.29
7.814166666666666
12.4
36.06
24.85666666666667
34.04
10.483333333333334
8.22
34.78
26.21333333333333
18.67
43.22
26.84
34.84
36.04
21.076666666666668
16.88
25.5
26.69
42.89
40.54
31.23
2.348666666666667
14.68
34.23
38.87
16.01
40.9
28.06
39.62
38.62
34.15
29.76
36.79833333333333
17.465
10.43
26.67
35.69
2.496
9.35
21.77
32.79
24.05333333333333
39.445
39.418
11.741666666666667
20.07
29.56
29.09
6.1575
39.31
36.76
39.39
36.6
35.46
7.58
24.49
28.12485714285714
33.8
28.865
20.6
40.38
39.24
23.64
11.04
14.71
7.36
40.64
39.628
10.0
22.19
40.27
35.3525
35.03333333333333
38.25333333333333
42.04
29.52
38.766333333333336
25.76
40.86
24.56
10.85
45.76
39.285
8.66
41.46
0.74
13.17
24.3
14.38
15.81
34.36
39.43
0.4
15.35
35.54
39.47
40.772
12.59
25.36
23.57
0.9
25.21
23.69
39.11
13.62
38.36
38.93
25.016666666666666
0.49
27.73
40.83
39.67
16.58
19.171333333333333
18.74
0.89
13.99
6.77
39.46
0.0
18.36
2.3591666666666664
11.64
31.230833333333337
13.875333333333334
39.41
43.39
33.62
49.83
40.93
41.68
39.64
0.6604007936507935
15.53
16.54
21.04
26.24
24.13
44.37
41.37
21.66
8.66
21.99
3.73
19.38
29.96
43.79
4.04
18.14333333333333
35.12
18.262083333333333
39.57
18.24
33.28
12.72
36.6
26.45
9.68
2.6
37.61
31.71
17.13
33.46
10.49
17.97
18.7
0.4
0.02
7.48
36.51666666666667
15.648666666666665
42.74
38.6
10.51
34.99
17.21
37.01
0.0
8.45
12.24
2.610952380952381
16.49
24.3
31.78
1.01
7.61
10.04
27.3
24.450666666666667
28.21
19.74
37.81333333333333
39.26
9.4
47.32
9.5
40.3
16.553333333333335
32.91
15.433333333333332
41.53
1.15
26.18
5.46
42.5
37.17
48.79
27.43
10.22
0.2
22.79
36.74
13.02
25.92
21.79
29.84
32.37
18.84
42.63
39.83833333333334
9.66
52.19
8.09
27.76
14.17
10.08
22.53
14.43
13.08
40.49
27.81
38.13
14.76
12.28
3.2375
41.21
37.78
23.03
13.91
11.401666666666666
39.06
28.3
14.353333333333332
16.41
42.57
9.436666666666667
32.79
23.18
15.7
32.96
24.12
26.42
21.5
18.39
5.53
34.50083333333333
40.96666666666667
20.46
38.3
32.99
33.43
37.97
4.78
30.123333333333335
40.66
40.82
25.33
20.18
37.21
38.23
24.57
19.34
24.28
12.43
3.34
27.51
24.39
37.68833333333333
29.63
34.97
26.49
19.27
40.52
45.45
41.6
37.17
14.61
37.61
40.18
38.81
0.0
41.19
21.81
25.05
15.02
7.302500000000001
10.16
41.73
39.89
21.35
39.01
29.57
14.22
19.171333333333333
0.85
41.38
11.48
2.849166666666667
47.10533333333333
36.76
31.83
46.55
12.64
21.79
41.45416666666667
39.78
1.43
42.64
32.083333333333336
38.08
3.86
4.4
16.183333333333334
19.04
39.13
7.787142857142857
29.02
29.31
45.19
11.76
36.21
30.22
42.56
27.00666666666667
33.4
24.33
40.09
33.84
20.63
22.14
37.03
17.68
2.746666666666667
31.56
47.89666666666666
27.94
36.43
33.9
36.37
28.94666666666667
25.65
21.74
19.74
6.99
21.9
26.72
41.73
36.97
40.14
36.27
3.49
37.68
39.02
37.77
16.561666666666664
19.65
5.15
17.43
16.5
0.9
39.41
11.42
8.89
23.69
1.88
31.85
31.15
1.05
1.0841666666666667
13.14
4.84
19.835
22.17
14.43
37.09
41.04
0.7766666666666666
9.64
36.12
42.77
40.9
50.95
12.25
14.01
15.97
0.49
9.3
13.58
35.35
28.12
39.17916666666667
16.91
12.83
15.946
0.98
26.68
41.41
12.01
28.31
10.533333333333333
41.95
39.94
7.57
3.76
8.98557142857143
10.1
32.55
42.02
29.571666666666665
13.84
37.55
35.27
20.68
40.065
37.13
27.35
45.51
30.76
11.73
31.06
0.925
40.27666666666667
13.18888888888889
13.83
39.03
36.62
22.71
39.33
34.91
3.033333333333333
38.35
25.6
3.2375
40.656666666666666
16.1
13.0
28.62
13.44
32.88
43.94
29.095
22.58
3.78
28.4
11.203333333333335
29.086666666666666
37.81
40.00392857142857
35.02333333333333
7.849047619047619
29.58
46.79
28.19
11.66
37.62
42.91
36.8
12.45
0.02
32.97
20.96
15.46
22.87
21.41333333333333
36.18
14.75
8.72
36.22
36.79
34.75
46.39333333333333
41.27083333333334
37.68
20.77
24.0
41.23
42.7
1.28
39.49
38.28
40.49
40.08
39.63
19.42
28.33
15.54
24.59652380952381
14.47
19.42
37.43333333333334
53.995
37.74
38.88
36.6
30.826666666666664
39.23
11.35
29.49
38.5
37.92
22.15
40.11
19.07
24.67
38.59
10.11
17.3
12.08
34.32
3.6166666666666663
13.022333333333334
26.22
19.18
28.75
43.94
29.4
35.81952380952381
29.78
30.49
38.09
35.01
29.89
39.86
16.03
27.75
23.32083333333333
37.35
17.693333333333335
41.5
26.42
12.08
24.08
11.64
37.82
41.07
37.91
25.66
25.070000000000004
40.37
5.86
25.98
7.08
41.07
15.314
7.05
34.01
4.47
25.81
16.93
6.03
7.21
23.82
26.04
42.29
1.431904761904762
33.49
14.01
39.78
11.04
13.37
22.78
34.913333333333334
16.82
32.78
11.42
0.724857142857143
35.72
39.62
40.99
25.64
40.57
18.4
35.65
3.69
42.39
32.24833333333333
23.155
41.91
17.43
14.3
28.24
17.8
15.43
6.9
32.96
20.735
15.293333333333333
10.04
7.9
21.47
23.14
22.33
12.69
37.63
29.4
38.9
41.14
1.0604761904761906
13.77
10.55
24.11
6.53
40.16
39.908
32.45
30.02
14.18
17.42
41.4
37.65
39.86
0.4
25.857499999999995
7.48
29.48
7.726666666666667
17.453333333333333
25.18
40.91
35.54
14.01
28.81
25.69
26.58
20.25
3.72
11.84
25.26
39.616499999999995
40.28
33.19
40.21
8.68
45.065
30.31
34.39
40.76
39.08
8.35
16.507499999999997
44.89
2.92
40.73
4.61
38.33
15.101666666666665
4.046666666666667
11.125901875901878
38.1
37.84
12.155
39.71
34.32
3.4
37.42
37.75
18.13
1.8466666666666667
34.1
36.71
27.1
6.44
16.65
40.92
26.54266666666666
43.98
32.51
23.77
13.71
34.16
41.22
13.72
9.75
32.89
0.0
33.42
23.64
19.93
21.46
8.15
16.94
0.8
37.53
35.37
35.08
39.58
27.08
19.22
40.87
18.38
15.52121212121212
30.13666666666667
41.6
34.73
38.18
15.6
38.79
24.15
2.6096190476190473
38.26
34.43
19.815
8.99
9.33
35.367
38.63
39.43
23.49
34.19
11.33
4.97
37.51
5.712222222222222
30.13
26.41
26.75
18.18
40.46
26.58
4.21
23.77
12.2
25.136904761904763
18.39
36.75
34.93
5.21
28.49
5.098888888888889
36.12
25.01
14.73
22.45
4.92
8.5
33.42
43.4
30.06
27.52
40.23
22.87
26.82
31.71
8.37
21.496666666666666
32.73
33.38
30.416666666666664
11.87
36.7
27.29
14.14
33.93
37.61
16.38
10.78
35.48083333333334
39.577333333333335
38.27
13.15
39.04
21.52
27.736666666666668
26.58
26.9
28.39
37.269999999999996
35.75333333333334
5.11
7.24
27.21
36.29
13.15
2.81
36.92
34.69
20.87
10.06
39.6
26.09
30.01
10.46
9.678095238095237
20.8
41.465
41.32
19.57
37.03
6.16
39.17
39.07
36.83
38.52
41.1
1.38
25.61
32.84
21.55
23.916666666666664
40.98
36.352476190476196
32.3
38.46
30.44
35.43
11.217166666666667
8.563333333333334
21.146666666666665
39.34
40.04
25.4
1.28
37.8
15.72
15.2
30.85
39.43
24.28
21.53
9.3
43.34466666666667
13.63
36.62
37.3
25.38
9.41
33.49
30.97
11.41
27.96
12.46
35.66
10.43
9.533333333333333
7.34
37.39
33.61
40.19
14.256666666666666
34.29
13.49
15.23
0.5114285714285713
30.38
0.7
33.77
50.49
19.39333333333333
0.4036666666666667
12.11
21.13
39.38
38.26833333333334
36.82599999999999
10.9
43.59
18.093333333333334
5.86
33.55
38.47
33.66
37.1
7.0
30.28
16.72
18.63
23.86
38.0
40.86
16.52
21.04
3.28
37.768
18.2
36.36
36.66
38.59
38.62
20.16
42.54
7.09
34.13
14.05
23.9
8.98
10.87
29.56
13.67
29.1
38.17
38.05
17.99
6.53
4.89
23.64
19.95
15.27
27.6
40.17
40.44
41.73
17.53
38.04
12.109166666666665
30.65
12.91
39.24
41.0
20.79190476190476
34.75
14.5
6.5
40.57
19.47
1.2048571428571428
36.22
19.75
12.88
38.99
17.34
36.55
0.0
13.05
43.52
27.74
3.77
37.37
6.14
34.63
38.19
14.86
26.08
41.11
40.76
39.39
24.03
38.45
7.503333333333333
43.59
38.705
11.96
21.29
22.54
42.08
17.47
30.44
8.87
20.48333333333333
28.59
33.34
21.36
33.47
13.55
8.59
40.69
11.82
42.4
16.3
15.39
24.65
22.435
32.76
0.0
10.85
13.8
30.34
10.31
8.253333333333332
3.033333333333333
23.89
6.0825
38.8175
37.93
35.59
43.86
7.85
36.526666666666664
37.68
29.51
19.07
23.433333333333334
6.31
38.58
35.87166666666666
7.37
29.56
24.82
5.16
37.82
21.11
25.7
0.7766666666666666
18.14
7.46
38.41
40.84
24.75
10.94
19.81
39.64
38.98
36.593333333333334
26.49
35.32
20.83
8.055000000000001
25.29
32.32
17.6
37.55
34.96
47.952
45.29
31.16
9.84
26.53
31.07
25.37
38.37
40.25
8.94
29.38
27.09
39.98
20.6
37.76
14.633333333333335
38.62
30.02
8.04
17.03
33.33
18.17
32.77
35.72
34.24
28.09
21.71
6.86
36.15
19.93
17.1
33.77
30.47
25.11
22.693333333333335
35.93
32.00383333333333
17.05
41.79
39.17
25.01
25.39
3.6166666666666663
39.9
2.72
34.0
38.495
32.82
3.89
45.7
44.55
14.29
4.97
36.69
5.72
12.4
31.16
36.69666666666667
31.66
11.11
41.44
12.06
38.92
37.93
24.71
51.94
19.52
10.51
38.38
37.04
37.049166666666665
0.95
37.4
22.46
38.542
2.73
21.45
36.583333333333336
27.46
27.48
16.78
5.679880952380952
38.31
10.25
35.98
48.0
25.23
26.85
40.9
18.99
34.71666666666667
1.21
10.32
39.8
29.45
0.84
15.92
0.36
10.45
20.51
25.41
36.43
34.27
35.24
29.3
26.18
38.82
12.32
37.02
21.37835497835498
25.33
22.99
42.0
6.64
13.71
36.81
35.96
21.06
0.1288888888888889
25.45
38.72333333333333
39.96
30.74
40.88
39.92
42.25
19.91
16.58
39.76
27.09
40.98
8.1
31.33
19.82
2.4
33.56
43.34
43.3
40.74
37.36333333333334
40.1
17.37
18.2
40.52
20.38
28.27
27.463333333333335
4.386666666666667
13.53
36.63
31.38
33.26833333333334
39.61
9.89
43.52
42.87666666666667
8.26
29.24
40.663333333333334
17.13
27.52
39.56
23.61
0.36
47.25
30.59
34.8
20.51
21.5
30.9
40.78
49.23
40.29
9.58
23.681666666666665
39.5
44.72
46.94
31.28
32.59
19.54
40.37
36.71
41.45933333333333
19.35
29.16
25.47833333333333
25.25
24.85
40.84
37.25
26.24
40.1
5.57
20.01
8.47
35.81
20.35
6.87
21.65
40.25
31.10857142857143
12.24
8.93
17.76
29.9
1.3005357142857144
14.52
15.55
39.15
41.585
3.313333333333333
22.99
23.49
42.3
9.76
28.81
38.39
34.638666666666666
38.58
20.34
40.5
8.4
33.43
20.6
45.71
34.08
27.83
45.17
34.2
45.00866666666667
40.51
9.9
37.03
16.93
40.44
1.07
37.61
38.92
11.873333333333335
32.18
9.15
35.57
5.73
24.56
25.76
27.22
2.3091666666666666
40.35
27.65
35.9
30.83
0.0
36.76
5.076666666666667
6.505079365079365
33.65
38.87
25.18
42.89
17.36
35.84
18.33
25.77
33.07
17.41
5.54
44.97
36.9
15.3
42.42
32.44
0.4
12.473333333333334
39.96
18.29
42.43
8.698152958152956
43.38
39.58
41.25
35.33
20.7
41.01
37.32
40.52
4.11494227994228
15.896666666666668
39.44
39.93
14.54
27.91
10.12
30.95
37.7
43.9
7.99
3.87
7.15
36.69
13.463809523809523
11.81
30.676666666666666
14.34
44.22
38.5
40.16
39.2
1.24
24.11
37.54
39.926
41.13
31.04216666666667
22.24
31.97233333333333
11.69
40.77
23.48
27.53666666666667
36.99
7.068666666666667
14.43
32.29
28.51
32.33
39.53
41.01
40.64
17.59
29.463571428571427
24.42
12.2
28.14
33.16
29.73
10.37
34.12
8.49
35.0
37.79
9.6
40.25
42.2
4.89
9.4
29.66
40.54
37.26
17.05
37.68
35.32
46.18
25.139999999999997
34.233333333333334
40.18
31.54
25.32
15.4
17.93
34.95
25.11
39.68
24.47
31.43
41.48
36.71
32.93
23.85
26.53
9.32
27.59
11.61
41.2
7.41
34.64
6.8
9.79
26.64
31.44
42.77
39.97
14.08
11.37
39.35
38.67
40.21
0.0
22.65
1.15
43.32
25.17
0.0
41.92
27.84
13.81
35.12666666666667
0.0
39.05
27.94
17.66
28.23
25.62
1.5946666666666667
20.16
31.88
36.88
4.15
35.37166666666666
36.79
42.48
29.6
9.61
40.14
15.716666666666667
7.33
40.91
17.0
14.053333333333333
38.89
30.190500000000007
47.63
46.48866666666667
21.83
40.54
41.49
14.97
23.33
16.695
39.5
37.7
25.864
27.59
34.12
39.16
40.1
25.03
24.69
33.01
20.05
6.95
21.06
40.41
32.34
10.706666666666665
36.63
40.47
33.94
45.64
21.13
0.74
31.41
35.16
26.95
16.25
3.683333333333333
42.12
2.725952380952381
13.25
3.86
7.45
25.17
24.36
10.908666666666669
37.7
44.23
31.54
3.98
37.75
34.72
4.99
13.363333333333333
17.266666666666666
37.88
24.92
13.81
5.22
17.98
21.546999999999997
15.1
16.23
24.3
25.05
11.33
24.43
17.84
20.42
44.36
28.1
1.5538095238095238
38.56
40.16
30.27
35.1
10.79
33.79
39.208333333333336
39.842
14.75
39.20023809523809
38.93
14.91
8.83
35.46
26.26
24.16
41.93
40.93
33.373333333333335
28.26
31.872
35.46666666666667
40.88
21.17
22.72
6.206666666666667
7.67
42.16
4.54
40.32
11.97
9.69
1.15
21.19
44.34
41.59
30.23
22.0
40.17
38.81
34.18
6.92
38.72
14.25
13.76
14.45
19.5
31.14
41.67333333333334
10.75
8.63
17.59
42.29
26.91
39.73
37.81
40.02
39.91659523809524
1.7
26.58
27.97
39.1
15.453333333333333
5.943333333333333
18.78
32.65
3.26
18.46
12.24
24.06
39.06
35.54
34.82
0.8
36.2
38.09
16.89
0.27666666666666667
35.19
43.1
38.3
5.48
13.98
42.0
41.5
36.73
39.9
30.33
21.47
1.15
19.26
3.033333333333333
0.74
28.84
20.396666666666665
7.32
6.9
7.77
24.64
3.98
38.79
38.65
21.99
38.79
21.76
17.89
35.9
30.29
12.6
33.89
28.27
40.18
27.94
24.77
32.59
25.03
21.28
21.78
26.17
14.35
24.08
39.36
18.59
26.016666666666666
34.48
18.4
43.56
29.12
5.68
38.24
4.960000000000001
5.93
8.2
38.29
35.99
24.98
15.58
39.98
6.43
36.71
36.97
6.56
11.7
28.7
6.84
0.9
1.2
43.08642857142857
19.84
22.37
6.045
12.96
34.3
29.14
11.53
2.4838095238095237
38.59
0.09
18.56
21.54
49.96466666666667
31.4
14.39
25.94
29.56
25.09
24.22
0.65
9.6
18.91
34.42
17.66
10.65
5.633333333333334
16.63
8.6
14.92
39.78
22.9
40.5
13.89
37.13
22.77
14.64
35.13
24.27166666666667
16.19
0.88
34.76
38.55
8.9
23.106666666666666
33.884
26.09
23.99
17.01833333333333
0.48
35.68
40.38
33.86
15.8325
7.3
34.52
18.222
40.41
5.85
32.51333333333333
29.02
40.42
6.89
0.5114285714285713
45.03
40.82666666666667
16.9
32.06
44.32
37.62
13.78
12.15
19.35
39.65
34.34
42.48
4.47
30.31
40.31
7.811666666666667
42.41
34.85
9.07
46.19247619047619
9.94
17.68
37.9
9.14
8.415
22.56666666666667
16.79
20.51
15.78
39.75
42.94
11.42
20.954166666666666
34.51
28.69
29.5
37.27
40.54
0.2714285714285714
21.73
0.925
22.305
7.84
12.91
21.25
0.2
2.55
42.11
31.52
25.99
20.74
40.86
28.01
39.5
20.0
38.52
37.048
23.78
39.38566666666667
35.66
23.21
38.0
40.56
22.19
35.71
34.57
13.16
41.61
31.16
19.63
20.07
21.1
21.68
39.98
15.72
42.32
25.6
14.74
44.37
22.54
15.581
39.58
40.52
36.59
34.15
46.1
39.16
2.58
11.556666666666665
11.23
37.212666666666664
18.88
39.02
6.72
26.35
37.51
0.7766666666666666
48.82
29.13
17.18
44.83333333333333
35.08
40.18
21.74
38.12
29.8925
38.9
10.57
15.08
35.59
6.14
31.14
17.49
40.85
27.9
39.2
2.64
31.3
41.31
15.99
34.34
36.71
26.876666666666665
36.66
24.32
37.17
39.285
26.18
31.616666666666664
36.6
36.31
23.34
22.01
39.72
11.34
44.21
14.91
14.44
28.81
35.57
12.13
38.24
15.98
2.78
32.25
5.16
24.56
40.6
32.53666666666667
35.63
40.5
25.43
21.37835497835498
41.03
41.78
38.41
4.33
38.44
6.96
40.89
44.2
15.25
38.81
3.86
40.19
12.93
36.75
34.62
30.27
27.116666666666664
23.96
32.00383333333333
36.14
28.65
1.5538095238095238
38.97
13.03
22.7
5.45
14.57
34.96
34.73
28.08
41.28
35.5
1.87
30.54
21.26
37.29
28.9
40.29
25.45
42.14
15.13
6.08
21.74
31.45
46.18
7.915
34.2025
7.47
44.33
35.85
18.36
21.82
41.55457142857143
46.1
21.37
32.56
41.21
4.95
37.44
13.68
41.34
22.36
36.02
33.32083333333333
34.4
38.61
42.55
30.94
18.47
25.97866666666667
26.78
30.19
39.41
35.44
15.78
38.26
38.89833333333333
26.15
21.78
14.99
41.83
16.95
16.73
15.88
16.46
33.85
40.03
39.16
9.91
13.23
34.07
24.15
34.09
30.43
20.44
32.01
13.103333333333335
37.049166666666665
23.71
8.49
36.91
19.18
39.34
20.13
37.37
24.44
16.63
38.81
31.8
36.38
21.79
13.05
42.84
40.11
30.44
28.163571428571426
21.79
41.16
8.586666666666668
19.765
39.72
23.32
26.85
40.19
23.11
26.91
41.58
30.02
37.39
1.04
37.99
20.14
24.96
42.72
18.086666666666666
32.87
6.38
40.19
32.06
9.61
27.01
25.28
16.92
41.39
28.94
2.9
16.04
40.08
5.36
40.24
7.48
33.45
38.49
29.7
20.19
5.91
24.52
30.982476190476188
43.956
39.29
33.89
14.975
22.73
21.27
1.24
25.43
13.11
40.82
15.453333333333333
22.12
35.35
8.76
13.994000000000002
29.22
40.69
1.5666666666666669
36.165
11.08
23.61
39.23666666666667
39.22
11.54
24.03
1.8
24.64
0.0
3.5
36.15
40.23
31.75
7.5
29.62
29.52
35.32
7.115333333333333
7.63
38.06333333333333
18.55
9.47
0.0
23.01
12.416666666666664
2.5
36.06
29.12
6.58
24.83
33.36
25.57
33.79
2.68
23.99
39.1
20.82
0.5114285714285713
13.673333333333336
18.4
23.66
14.89
39.84
41.58
34.41
22.89
30.6
53.58
27.43
16.08
37.05
27.28
23.020666666666667
33.36
13.11
39.34
40.32
38.14
23.09
22.43
40.828
14.84
17.59
35.45
19.44
35.95
22.196666666666665
17.983333333333334
13.06
33.73
16.29
41.15
24.635
27.54
21.84
30.45
6.95
32.4
19.18
39.93
4.59
38.55
38.74
25.8
38.35
42.06
38.79
20.6
16.56
37.65
40.55
41.55
5.9726406926406925
20.36
30.54
42.81
25.87
35.33
12.77
21.32
18.6
34.64
26.24
36.26
27.01
28.11
19.08
29.93
12.6
38.88
28.695
13.13
41.09
48.83666666666666
8.41
39.54
30.35
28.55
24.52
10.21
38.15
38.65
44.29
40.2185238095238
9.23
17.12
33.97
30.61
10.73
32.06
36.32
41.8425
40.25
40.48
1.08
21.62
27.579785714285716
18.86
3.3547070707070707
16.12
15.55
24.27
45.08
26.4
21.56
9.64
44.12
36.89
28.05
41.62
38.08
33.02
18.797916666666666
16.55
6.64
13.94
11.71
38.08
35.5
27.77
42.72
5.69
44.74
22.62
41.44333333333334
31.2
25.06
25.9
38.9
11.71
22.8
40.21
29.923333333333332
18.81
17.84
40.6
16.51
14.606666666666667
23.31
28.82
38.67
35.26
38.72
21.9
10.23
23.37
17.595
36.71
31.7
28.26
45.96
19.41
34.84
3.87
18.59
27.00166666666667
12.83
27.758333333333336
13.846666666666668
22.75
30.71
40.45
41.96
13.35
29.41
6.5
13.42
4.36
37.94
35.8
37.42666666666667
42.66
23.28
28.05
38.79
38.85
24.76
4.23
40.260666666666665
29.4
9.78
31.96
24.22
39.20333333333333
19.76
41.65
6.32
24.33
36.74
3.7
40.14
19.27
43.56
40.67
6.5553333333333335
21.86
21.52
2.39
43.29
31.35
31.90666666666667
42.99
29.87
0.2714285714285714
3.89
41.3
40.23
6.63
35.72
8.42
24.454
12.6
19.97
34.96
22.86
15.8
8.64
31.74
4.58
18.0
20.82
26.06
20.8
24.87
44.28
19.2
33.72
31.06
27.62
6.93
26.84
7.83
21.91666666666667
6.87
38.86
7.616666666666667
5.01
28.79
37.82
38.25
38.36
40.1875
17.91
31.1125
40.1
26.88
12.62
8.09
39.35
19.71
29.79
10.87
32.13
14.846666666666666
39.38
14.580000000000002
33.77
21.77083333333333
20.67
4.28
11.39
0.0
33.27
3.7
37.91
21.59
16.201666666666664
44.45
34.68
35.74
33.13
37.91
31.47
12.418333333333335
38.65
31.017333333333337
36.74
10.51
14.42
35.16499999999999
40.95
14.58
29.87
18.83
38.82
41.91
29.52
34.96
29.3
35.58
24.89
25.2
36.72
33.27
23.58
36.57
37.64
23.45
39.77
18.72
6.3
20.403333333333336
8.99
19.15
36.14
11.44
6.08
1.93
35.29
10.4
36.12
12.84
37.08
11.44
34.7
23.94166666666667
7.765
22.98
19.0
23.5
1.56
26.25
16.55
11.54
17.0
12.48
45.11
40.72
31.91
15.2
12.19
37.63
40.02
39.55
6.08
37.81
38.13
30.65
4.44
33.92
32.742
4.75
40.74
28.48
39.85
22.86
31.26
22.01
37.83
39.49
39.16
20.39
26.36
22.41
13.97
13.658
31.81
14.89
35.65
18.996666666666666
24.4
33.37
30.59
38.34
30.75
4.853492063492064
11.11
8.61557142857143
14.07
30.84
42.08
37.93
42.91
41.17
41.81
38.14
16.251111111111115
37.09
27.76
34.65
37.25666666666667
36.78
0.2571428571428572
38.54
38.83
11.65
2.04
0.95
9.11
21.24
18.96
38.49
18.223333333333333
12.79
24.15
23.58
7.4
15.23
41.275
40.0
38.6
24.1
20.033333333333335
24.57
16.19
18.88
34.2
23.77
27.9
26.07
38.51
39.43
24.88
5.09
40.1
32.384166666666665
38.36
14.52
36.572476190476195
22.62
37.85
18.0
27.31
15.581
9.678095238095237
21.7
28.29
38.95
31.017333333333337
28.79
32.18600000000001
26.6
13.63
22.55
21.03
23.47
13.1
40.31
40.36
48.04
39.8
27.11
3.56
12.39
18.413333333333334
24.59
40.75
39.66
33.69
26.16
13.9
34.5
15.43
18.82
32.84
7.51
35.81952380952381
29.92
39.01
31.1175
36.583333333333336
29.49
24.94
0.0
3.18
26.74
1.7
31.88
39.01
9.23
28.01
33.57
36.26
37.46
26.4575
16.97
32.76666666666667
37.56
39.51
21.86
27.56
27.62
39.24
31.5375
40.97
35.46
42.09
28.1
18.02
42.29
14.78
21.12
34.77
32.82
41.13
26.72
34.35
37.67
24.91
15.13
21.52
37.68
4.642952380952381
9.52
40.74
35.27666666666667
35.38
38.52
20.33
41.08
39.986666666666665
27.03
33.1825
17.54
27.07
42.89
33.67
39.02
3.6166666666666663
20.97
23.34
10.52
41.19
18.47
24.88
17.24
42.06
9.7
5.0
31.54
16.36
39.8425
13.2
20.05
28.36
18.72
30.01
24.64
38.6
17.02
26.94
44.45
15.02
35.95
17.0
34.83
3.02
7.472238095238095
32.04
48.63
30.27
38.16
36.53
37.91
20.65
7.02
11.62
15.938333333333334
33.946666666666665
24.03
36.09
28.4
25.42
12.5
19.54
1.99
28.16
37.53
3.23
20.04
5.74
11.02
17.82
39.73
25.6
44.44
43.01
39.61
6.08
41.21
8.742222222222221
42.08
31.16
12.05
43.66
36.5
41.89
4.95
2.7
38.23
0.256
35.51
1.7958333333333334
36.743619047619056
39.26
39.65
44.97
11.95
17.19
24.21
11.15
18.935
36.11
31.27
30.66
41.16333333333334
29.58
22.88666666666667
36.87
2.29
32.29
14.96
41.05
33.3
38.19
41.29
31.142
40.465
16.85333333333333
17.53
21.84
13.93
36.9
7.86
35.73
11.55
19.58
16.09
17.770000000000003
0.74
39.7
15.07
39.75333333333334
40.14
33.26
39.93
36.69
23.773333333333333
9.23
38.7
13.68
7.28
14.44
40.87
14.14
38.27
21.85
39.35
28.99
34.108000000000004
14.3
0.0
26.62
25.5
34.39
13.64
38.29
39.12
29.34
24.5875
38.88
15.756666666666666
11.29
37.2
21.64
28.39
5.54
44.88
31.24
23.71
38.05
18.76
14.74
17.26
36.0
26.52
21.99
20.17
32.42478571428572
11.87
21.47
37.96
0.07466666666666667
39.97
10.55
38.85
6.25
40.68
22.82
15.84
25.65
29.6
8.43
30.07
31.69
14.626666666666665
29.86
11.05
24.175
33.93333333333334
31.23
47.845
41.83
15.78
39.51
39.77
37.27333333333333
3.24
5.49
34.77333333333333
13.41
12.52
10.85
33.27
30.143333333333334
42.18
26.51
37.29
5.12
7.9
40.41
40.81
34.67
8.51
29.78
8.22
6.72
38.51116666666667
24.92
51.62
34.01
24.02
28.919904761904768
34.54
38.9
28.82
8.92
29.85
25.15
36.64
12.62
42.7
30.32
25.16
30.0
0.5333333333333333
3.04
0.0
20.08
36.8
38.87
29.39
2.68
45.38
28.1
29.17
33.89
5.712222222222222
40.545
2.86
37.87
22.97
13.91
20.26
32.22
25.79
42.73
41.37
18.41
38.72
10.706666666666665
44.64247619047619
5.41
33.29
0.9
23.681666666666665
5.735833333333334
6.692095238095238
7.74
39.8
33.8
37.58
42.63
18.51
24.15
3.6166666666666663
16.77
15.79
12.28
33.71
37.596666666666664
33.52
19.14
4.93
38.48
31.886666666666667
25.79666666666667
1.16
14.62
13.02
36.88
15.46
11.9
34.42
22.86
27.55
35.5
15.53
1.2823809523809524
37.45
2.05
23.61
19.19666666666667
29.65
26.033333333333335
20.25
39.13
37.34
25.62
42.08
35.96
8.99
28.63
10.99
16.07
9.19
31.25
56.891999999999996
22.38
38.8
29.0
19.89
41.81
17.52
33.75
37.26
35.95
17.09
13.81
19.06
0.46666666666666673
30.793333333333337
35.566
37.82
24.61
33.06
40.11
30.24
19.835
20.39
25.62
15.6
39.21
18.88
13.526666666666666
40.41
30.68
32.11
14.4
24.92
22.68
28.19
38.77
40.46
31.5
17.79
10.15
20.67
40.68
40.18
2.8971428571428572
0.6604007936507935
12.04
38.89
4.449999999999999
22.96
42.18
39.31
4.75
40.64
38.97
17.71
24.674
13.93
22.47
28.93
4.265000000000001
19.12
31.458
13.781666666666665
7.86
38.81
33.31
38.74
27.44
38.04
15.88
37.1
36.72
9.3
0.44
12.83
40.61
21.9
10.19
30.2
23.9
6.96
37.12
38.45
8.29
23.69
21.35
39.545
11.405
9.99
15.6
22.29
6.789999999999999
38.96
36.65333333333333
36.42
29.36
40.52
8.04
39.97
29.626666666666665
37.95
39.06
20.11
34.66
37.35
23.28
11.4
17.82
39.22
0.0
17.31
4.76
11.94
33.0
39.42
38.17
27.0
20.4
38.75
9.366666666666667
0.24
23.48
34.61
23.92
13.62
14.623333333333333
38.85
10.96
36.15
3.6406666666666663
22.31
29.48
12.623333333333335
25.84
10.51
13.47
35.58
33.27
41.04
40.39
2.08
27.05
15.711666666666666
13.22
27.368000000000002
40.07
40.11
41.46
20.84
42.07
44.05
21.05
21.61
35.22
37.47
43.23
36.28666666666667
39.87
15.39
37.91
37.02
21.01
34.64
20.38
30.34
29.25
33.89
20.47
40.93
21.84
15.13
18.485833333333332
25.97333333333333
40.4
19.47
13.62
2.7557142857142853
31.66
30.55
14.39
33.61
40.16666666666667
34.97616666666667
21.07
19.99
37.485
37.52
27.13
34.31
39.18
11.82
36.96
27.89
39.42
40.90833333333333
7.3
19.9
39.0
39.32
18.67
39.7
40.19
26.9
40.46
37.84
21.8
46.82
43.98
29.9
29.23
20.0
41.57
6.8425
38.18
26.22
8.686666666666666
15.623333333333335
1.0959999999999999
28.06
10.8
11.626666666666667
40.11
17.84190476190476
21.97
24.46
19.82
24.43
15.22
16.95
39.2
43.998000000000005
25.46
39.63
39.16
37.44
6.47
47.42
31.19
35.09
22.79
20.0
2.48
41.71
37.93
38.67
39.7
13.61
34.74
34.21
36.66
36.11
10.2
11.27
34.61333333333333
41.27083333333334
7.99
43.88
17.98
41.79
26.94
31.78
38.05
27.6
41.35
17.02
20.800416666666663
30.18
11.55
21.85
41.96
6.505079365079365
18.2
38.82
36.04
25.58
32.42
14.58
14.49
31.13
21.55
39.19
19.53
42.0
20.11
48.73
40.36
39.14
25.56
3.23
19.73
39.438928571428576
28.47
41.97
41.85
38.62
36.94
44.89
40.76
35.61
37.44
19.94
19.72
24.58
23.7
39.37
14.38
9.33
30.179999999999996
13.89
37.81
27.23
21.4
17.510833333333334
10.706666666666665
39.88
32.33
17.97
20.52
39.57333333333334
29.28
40.57
5.56
26.18
39.25
14.35
26.94
21.295
25.373333333333335
38.64
4.265000000000001
12.07
8.41
30.84
33.4
33.51
37.86
11.97
14.29
6.762469585969586
37.65
27.72666666666667
31.05
40.13
15.2
5.16
3.72
10.7
28.83
16.62390476190476
10.59
35.29
35.57
14.68
15.9
15.02
36.22
19.044
39.46
33.28
13.58
18.88
37.145
23.46
34.81
37.79
28.04
14.416666666666668
12.34
33.38
36.7
21.25
19.38
35.23
21.51
26.25666666666667
39.44
10.93
32.97
39.26
39.15
39.06
20.36
29.77
39.89
35.32
39.79
33.04
42.36
43.66
21.06
40.15
36.99
23.73
42.96
17.78
34.98
26.91
21.04
38.37
11.27
44.84666666666667
40.723333333333336
11.95
6.75
14.26
27.09
16.13
29.48
29.84
39.67
30.367500000000003
39.26
40.43
39.98
3.8
37.02
39.51
22.24
29.35
24.26
33.86
19.7
20.05
13.51
20.86
27.9
15.51
27.9
27.71
7.472238095238095
47.6
22.15
10.41
8.76
16.28
32.99
19.72
39.08
31.82
40.42
23.99
40.48
20.29
27.37
1.86
28.72
33.5
35.88
11.97
15.8325
25.08
25.64333333333333
14.68
12.01
3.45
42.68
16.26
40.86
0.5509007936507936
28.75
40.24
22.11
6.02
7.17
32.49
20.28
22.36
9.55
15.92
42.78
37.3
29.57
3.54
41.25
26.554666666666666
8.24
38.61
31.37
18.21
42.19
39.47
24.96
40.3
3.1691428571428575
26.2
19.6
31.09
10.82
0.45
39.818666666666665
47.59
23.68
14.35
34.215
19.813333333333333
15.61
29.166666666666664
29.28
9.87557142857143
23.52333333333333
9.9
18.424285714285713
47.0
43.3
26.04
10.96
5.78
12.05
19.32
39.2
3.313333333333333
39.29
20.56
45.81
36.73
3.1691428571428575
3.75
43.91
38.18
39.79166666666667
39.82666666666667
9.92
16.32
17.76
3.85
33.28
18.15
21.76
35.16499999999999
13.56
19.52
27.59
27.83
10.99
3.69
35.34
39.01
32.3
38.25
29.65
50.37
9.32
0.24
4.76
21.91
7.81
13.78
38.5
29.0
43.83
36.82
46.26
19.171333333333333
38.65
5.2
31.76
0.0
34.22
19.19
37.52
40.13
47.58
23.56
42.65
39.98
9.32
14.46
22.31
19.81
31.52
9.55
39.51
13.61
30.25
42.15
25.64
30.53
2.77
0.46666666666666673
39.61
10.95
42.70666666666667
12.123333333333333
0.0
31.05
20.33
39.8
7.4
40.94
19.316666666666666
39.01
16.26
33.25
40.14
35.69333333333333
39.55
28.99
26.57
19.480000000000004
17.73
38.51
39.06
26.79
27.863333333333333
39.73
30.01
34.31
7.776666666666666
35.03
37.62
14.830333333333334
24.11
25.17
40.08
11.13
22.72
42.08
12.98
12.83
35.46
17.15
30.8
41.25
39.7
11.7
19.5
45.41
43.6
41.26
17.09
12.17
39.97
39.92
13.5
41.31
8.86
41.37
39.12666666666667
39.5
18.09
25.39
14.79
17.28
38.36
9.67
24.11
33.63
41.78
39.93
22.36
3.86
42.81
18.04
37.49
15.95
37.77
19.49
10.5
36.16
30.49
44.36
8.763750000000002
42.58
3.19
35.11
23.07
10.405
19.85
39.73
4.81
21.14
33.87
30.205
41.07
15.83
24.94
6.3566666666666665
36.92
19.85
22.43
27.38
37.15
36.61
8.87
45.88
37.4
3.76
21.05
25.91
36.05
45.5
39.42
5.16
16.17
8.975555555555555
0.8166666666666668
17.225
35.87666666666667
36.55
31.85
8.85
43.79
9.65
24.47
19.78
2.3
38.35
10.5
44.53
36.59
26.48
21.75
45.28
0.2
37.79
24.45
12.16
38.61
5.73
40.6
38.71
37.68833333333333
38.931999999999995
22.4
2.2
25.98
24.25
39.41
20.93
40.01
4.265833333333333
37.59
38.75
25.103333333333335
7.51
27.201666666666664
6.6780952380952385
10.98
15.28
19.12
12.71
4.92
45.11
38.82
34.22
21.17
20.11
19.21333333333333
41.78
14.25
16.845555555555553
21.51
15.53
5.39
4.38
22.42
8.26
17.146666666666665
21.72333333333333
37.21
17.07
40.65
28.97
43.03
0.0
23.74
43.81
39.97
44.38
1.36
41.07
34.22
27.09
35.78
27.6
34.04333333333334
27.63
45.61
19.9
43.05
25.14
37.88
37.21
30.190500000000007
40.5
0.48
5.7333333333333325
17.02
26.39
3.45
22.01
7.23
37.44
45.37
1.9
41.74
6.95
30.190500000000007
31.166666666666664
35.94
14.98
5.9
9.33
40.53
11.05
32.02
21.97
16.9
14.2
42.47
40.03
5.74
26.08
3.62
30.21
29.74
24.27
41.95
26.92
15.73
24.34
2.746666666666667
37.74
21.4875
35.51
25.913333333333334
31.76
9.6
16.652
23.69
6.91
16.4
45.47466666666667
36.71
15.3
2.87
28.04
39.65
25.685
6.505079365079365
40.17166666666667
36.454
5.086666666666666
30.86
39.68
41.16
29.28
41.48
29.336666666666666
8.56
13.87
38.34
35.61
23.07
14.23
27.41
39.76666666666667
26.0
0.2
26.04
12.63
35.32833333333333
9.81
43.21
26.57
11.33
38.245
31.42
15.1
12.05
25.75
10.786666666666665
39.929928571428576
24.75
17.03
39.52
0.8525
7.97
39.73
35.68
33.16
11.69
26.18
0.0
34.87
9.34
15.03
38.29
30.18
19.6
35.21
29.47
39.37
16.605
34.93
23.04
9.23
8.07
37.45
21.2
44.01
22.21
44.82
48.63
40.14
23.22666666666667
40.39
10.3
35.748666666666665
23.07
27.64
19.54
39.77
43.166000000000004
27.24
25.15
39.0
39.8
17.25
15.94
18.24
29.57
39.11
27.143333333333334
15.06
32.65
17.665
9.91
5.24
4.605833333333333
37.41
37.46
41.7
8.06
4.67
17.95
27.49
22.42
19.96
34.913333333333334
39.8
16.69
8.48
26.43
19.3
26.41
16.01
45.36
39.11
27.91
39.6
15.53
46.16
26.2625
39.83
16.65
38.15
17.6
6.39
40.57
11.46
40.85
23.24
36.52
35.394
8.12
42.44
6.3
35.0
28.62
25.46
15.05
15.07
2.46
5.87
34.38
19.768333333333334
38.15
39.51
35.73
35.66
30.09
22.65
35.372
12.63
20.41
40.1
0.35
16.22
4.75
16.92
36.69
4.07
44.86
26.8
38.64
19.95
34.878
28.39
16.706666666666667
21.416666666666664
21.91
21.57333333333333
40.51
38.41
3.8466666666666662
37.68833333333333
31.84
18.05
21.13
17.91
41.0
17.7
18.57
30.23
36.71
27.85
49.04
24.79
10.76
40.16
19.6
12.75
19.8
39.86
39.19
38.84
37.61
41.06
39.51
39.65
41.54
3.1
33.1
1.05
10.65
24.95
17.8
44.81
15.76
42.45
23.46
0.4036666666666667
44.73
40.233333333333334
39.37
37.92
34.1
35.42
37.07
14.72
35.8
26.79
39.14
41.53666666666666
38.15
46.13
9.48
14.9
45.4
38.83
5.19
18.89
39.56916666666667
12.13
22.75
18.34
44.26
1.3005357142857144
26.66
18.703333333333333
12.224666666666668
38.26
43.65
28.206666666666663
22.12
34.29
14.33
8.5
41.17
19.5
15.63
45.53
37.32
12.3
37.88
0.27666666666666667
12.4
40.02
35.93
24.47
41.63
14.46
32.84
35.48
2.5933333333333337
8.69
40.38
17.81
22.07
15.63
39.81
21.65
24.1
40.87
25.4
31.02
33.3
30.86
16.45
11.87
43.74
21.95
22.78
22.95
40.17
19.35
40.72
32.76
37.74
35.41
11.79
38.21
32.19
26.67
5.2
37.79
10.706666666666665
36.65
32.76
47.92799999999999
30.163333333333334
0.0
26.2625
37.22
27.06333333333333
20.66
40.33
37.61
20.19
9.69
20.54
24.28
1.28
8.54
17.02
34.44
49.18
43.8
17.19
6.762469585969586
34.89
31.35
18.34
14.0
11.21
3.36
40.65
23.67
4.670372405372406
4.670372405372406
20.77
14.88
6.65
0.04
8.21
39.63
29.87
0.35
25.22
14.82
34.32
43.22
42.15
19.98
32.87
7.59
41.29
37.67
0.256
33.38
40.89
32.39
6.88
41.05
39.58
33.62
24.36
4.43
39.49
18.1
25.88
40.23
10.37
56.342
18.42
8.79
39.3
1.24
14.63
39.04
10.466666666666667
11.3
33.9
11.3
35.63
14.5
13.64
26.99
39.74
20.88
37.33
39.16
42.82
39.43
34.0
39.4
12.815
26.35
39.15
33.23
37.19
9.74
22.96
31.46
19.93
38.78
30.3
7.84
42.75
18.33
10.69
37.65
10.396666666666668
25.49
27.89
42.43
19.171333333333333
29.49
30.17
20.82
10.697142857142858
5.8
26.25166666666667
6.44
25.51
25.81
18.78
5.72
34.4
21.35
24.6
34.86
21.05
34.69
21.64
39.7
39.5
30.38
6.03
39.64
34.38
9.720952380952381
32.06
14.28
26.64666666666667
45.036
41.34333333333334
29.77
19.4
31.94
19.77
19.15
35.59
37.172
22.22
13.97
18.48
44.95
14.29
13.5
17.48
42.97
4.116666666666666
16.39
5.8
22.04
14.38
10.01
35.86
40.38
28.68
24.49
18.773333333333333
27.87
33.88
2.746666666666667
39.96
15.07
18.19
38.44
14.983809523809525
8.89
43.26
10.42
19.49
39.32
25.6
30.87
15.35
2.73
24.19
38.8662380952381
37.07
40.14
36.15
13.08
36.03
16.13
41.24
27.25
29.52
10.82
40.79
7.61
29.29
38.34
19.54
18.092333333333332
28.91
42.44
12.35
21.05
22.45
3.43
10.93
20.74
14.216666666666665
9.72
36.44
1.01
38.87
35.75
32.53
37.63
23.15
27.77
17.97
32.09
8.29
49.431999999999995
39.71
38.24
39.53
38.38
30.94
48.26
1.5319999999999998
2.87
31.6
11.85
23.99
39.06
12.03
18.914
40.19
11.453333333333333
15.73
34.92333333333333
38.67
19.89
40.64
19.913333333333334
19.71
38.69
29.77
24.749999999999996
27.85
19.15
12.95
6.4
33.61
4.56
6.0825
30.854
9.56
4.03
23.61
9.87
37.843333333333334
22.78
44.02
10.476666666666665
8.03
2.93
36.47
18.93
39.5
2.46
9.02
10.09
25.43
29.91
27.33
21.34
24.85
42.51
0.0
33.58
32.7
29.72
19.57
2.9733333333333336
22.93
25.14
39.68
38.71
37.17
41.03
36.59
40.99
1.25
39.15
21.82
38.96
25.35
34.27
3.64
20.77
37.87
5.34
2.34
37.2
39.22
8.98557142857143
17.06
18.29
37.09
33.37
41.45
23.66
4.92
39.83
38.44
38.29333333333334
28.28
16.18
28.5
1.3
31.97
38.59
0.9
16.57
40.3
13.25
13.04
34.87
11.33
47.02
37.95
40.17
5.4
39.34
29.58
28.27
25.8725
37.66
5.81
24.80333333333333
20.71
34.3
29.36
38.29
26.12
39.8
21.12333333333333
0.5666666666666668
29.99
16.69
34.27
16.84
20.430666666666667
24.36
19.83
14.09
29.17
19.44
10.58
25.39
42.42
44.22
3.92
33.88
42.13
19.98
26.4
25.75
10.68
21.9
26.37
29.97
31.44
36.23
43.88
17.19
37.79
37.3
24.67
15.47
11.644761904761904
26.81155555555555
3.06
2.92
37.33
33.01
39.1
31.76
38.42
39.51666666666667
0.6604007936507935
39.85
39.46
33.33
34.43833333333333
9.32
7.525
8.93
24.52
24.48
29.39
38.59
18.75
27.37
40.058
40.49
35.63666666666667
36.2
19.69
37.23
29.32
30.77
33.03333333333333
35.5
5.97
21.43
11.0
11.7
31.46
27.02
40.01
39.39
26.515
5.723333333333333
2.46
39.13
39.18
22.56
36.97
39.61
18.9
13.617499999999998
17.36
17.48
8.37
35.26
17.11
19.66
18.17
21.7
0.026666666666666665
26.08
42.6
16.69
7.36
36.36
34.2025
10.3
42.8
0.0
38.265
35.08
31.49
15.46
19.45
15.06
40.028571428571425
27.03666666666667
42.71
14.66
38.32
8.87
19.55
25.3
37.56
35.37
25.36
38.01
25.46
28.99
38.41
25.36
3.73
28.8
48.63
23.51
38.59
10.71
14.7
42.67
9.44
13.66
21.21
21.7
26.275999999999996
0.35
42.94
41.72
24.91
17.485
11.48
33.55
39.62
38.54
34.37
40.57
18.49
44.672
38.35
31.71
16.91
31.94
37.61
49.22
26.6
20.75
47.13
33.91285714285714
15.93
2.9733333333333336
21.57
11.0
39.85
39.22
28.51
37.16
32.99
21.59
17.14
32.891333333333336
21.98
44.46
39.64
26.74266666666666
2.5933333333333337
21.01
40.07
12.74
16.49
33.26833333333334
17.57
12.81
15.055
19.22
39.74
3.19
19.35
28.03
10.65800865800866
15.44
38.75
40.54
7.472238095238095
40.31
36.49
37.69
25.05
31.16
19.54
0.0
19.73
26.2
45.49
22.84
40.26
47.13
37.29
3.7
30.76
9.71530355755356
11.64
41.84
21.51
33.11
0.0
18.52
11.04
39.25
34.67
29.62
28.29
47.13
37.23
19.643333333333334
3.3
21.32
40.11
39.23
46.04
27.51
9.35
12.37
39.42
16.49
0.7766666666666666
10.71
39.66
20.75
33.32
35.26
40.54
39.15
4.452
0.0
12.43
21.57
17.65
39.12
30.88
7.97
39.59
8.75
38.81
0.66
18.59
14.13
23.76
37.8
13.099999999999998
21.2
40.52
37.97
14.62
41.54
5.6
12.42
8.98557142857143
25.78
36.7
10.98
39.62
37.13
36.84
24.38
29.32
43.73
40.71
27.78
26.554666666666666
45.74
28.96
37.21
34.86
32.33
20.26
22.07
41.19523809523809
37.1
39.63
17.16
41.07
35.15
1.89
25.9
15.21
38.82
28.49
14.76
32.455
37.47
37.14
21.69
16.65
36.87
33.86
8.45
12.39
28.37
51.132
20.37
39.31
26.99
41.2
10.94
45.33
16.57
28.99
20.15
41.16
41.0
33.76
45.34
27.98
5.6
26.51
7.202000000000001
18.65
38.29
38.4
3.05
14.72
33.99
9.37
39.21
36.99
33.39
11.93
15.79
31.36
16.96
33.08333333333333
17.3
33.76
3.6166666666666663
37.4
39.27
22.37666666666667
39.66
6.189880952380953
38.32
39.52
24.0
33.87
39.16
39.49
38.94
38.04
21.10583333333333
37.75
22.57
6.58
39.55
9.7
36.4
37.68
29.03
24.58
13.85
18.43
14.47
38.53
12.58
13.69
36.73
30.425
6.61
35.58
39.33
15.8
40.8
21.509166666666665
39.25
9.19
9.89
0.6604007936507935
39.78
27.9
39.2
13.31
20.71
19.67
27.35
4.7825
18.03
38.03
19.21
7.96
17.61
45.24
17.13
18.0
39.7
20.5
14.89
21.5
29.136666666666667
5.0762857142857145
28.2
11.05
32.32
17.993333333333336
27.54
35.32
20.3925
10.97
13.96
14.2
37.85333333333333
10.97
35.45333333333333
35.46
43.09
18.72
35.15
28.55
22.31
36.5
35.64
32.83
11.163333333333334
33.71
3.98
24.00666666666667
22.92
40.16
23.5
23.39
40.85
3.04
2.25
39.69
39.91
16.64
35.91
24.58
19.416666666666664
37.57
12.52
36.17
29.25
0.0
29.88
23.98
1.266
6.08
1.48
39.45
36.45
30.36
20.74
25.64
31.16
40.57
40.23
26.91
31.5
27.5
35.28
19.53
40.5525
44.57
15.28
38.01
11.57
2.68
9.14
42.0
17.04
18.86
34.6
28.66
14.78
24.62
20.16
34.66
40.24
15.26
38.43
40.21
37.18
6.6
9.53
17.155
7.27
3.04
31.99
23.66666666666667
29.53
28.07
27.09
25.91
40.98
29.343333333333334
32.73
26.68
34.91
20.91
14.542499999999997
6.5
40.34
37.29
38.08
19.81
15.12
39.63
12.82
43.84
35.79
1.2071428571428573
44.3
43.23
21.65
38.93
47.12
39.03
11.32
29.46
28.39
17.28
3.983333333333334
27.79
37.32
7.77
0.7766666666666666
24.39
18.5
39.81
31.47
34.96
37.5
24.88
15.65
20.31
0.5466666666666667
39.32
14.04
10.74
37.27
14.3
38.49
20.97
28.594
13.17
44.75
40.99
23.41666666666667
40.42
38.45
38.96
33.2875
17.22
12.95
11.67
32.49
28.44
24.91
10.94
32.611666666666665
5.08
34.82
38.679833333333335
16.183333333333334
42.52
0.0
19.4
37.55
36.73
21.58
17.144940476190477
25.37
27.95
30.07
44.2
38.49
24.11
31.19333333333333
42.66
39.2
11.48
20.17
6.12
38.25
40.2
31.33
20.299333333333333
27.15
12.47
27.56
8.98
35.48
0.2
25.4
8.15
20.48
20.75
41.38
12.04
32.615
39.82
38.33
37.71
37.23
43.25
17.406666666666666
32.72
18.5
38.55
21.57
11.44
5.098888888888889
36.24
15.03
35.45
6.84
43.43
19.82
31.23
20.33
35.32
7.03
6.762469585969586
39.37
35.69
46.58
40.08
19.51
35.68
25.17
43.0
1.0841666666666667
27.295
38.12
19.44
21.63
28.34
29.77
18.05
37.67
30.1
37.64
19.56375
40.82
40.29
2.29
18.66
29.65
25.08
18.1
29.3
40.92
34.92
37.9
38.08
35.47
7.27
38.2
42.4
5.122534132534136
13.74
2.75
37.73
40.25
24.59652380952381
6.54
39.26
36.29
29.03
37.2
39.02
26.23
21.625
29.21
19.13416666666667
13.1
16.81
15.62
33.3
33.41
23.67
34.06
52.07859523809524
14.946666666666667
28.54
29.93
34.25
5.44
26.137666666666668
11.1
30.763333333333335
17.04
12.34
19.48
37.78916666666667
39.72
36.17
37.59
30.33
44.42
1.9
35.88
23.88
22.16
36.85
17.61
29.503
36.15
23.81247619047619
22.35
13.38
35.28
38.88
38.67
47.24
2.0
35.01
39.07
37.14
39.48
41.72
38.55
30.99
21.576666666666668
36.22
25.88
19.19
35.764
23.69
17.601333333333333
24.41
39.03216666666667
24.15
49.36
12.35
37.39
16.03
28.46
26.54266666666666
33.76
18.69
39.72
20.511
35.94
7.66
41.08
26.91
18.17
39.69
21.45
25.87
24.65
41.54
21.38
16.71
14.0
40.108333333333334
25.62
34.5
15.57
2.2
43.11
9.9
22.93
32.8
40.306666666666665
36.51
39.92
29.46
23.09
46.37276190476191
16.91
29.84
39.44
15.82
20.91
34.64
4.801333333333333
39.95
26.76
39.68
40.26
36.995
38.76
13.85
0.4036666666666667
24.35
37.83
32.42
21.62
25.663333333333334
13.62
38.92
27.83
10.12
14.33
39.13
2.75
1.07
45.57
14.05
28.37
39.5
4.76649938949939
34.83
3.02
38.97
39.46
29.62
41.79
37.25
26.87
13.31
27.96
35.18
40.31
40.04
38.48
37.79
29.31
39.81
41.07
18.45
40.7
38.68
30.43
14.356666666666667
16.39
16.633333333333336
33.84
38.13
8.99
15.72
27.76
0.0
39.86
43.08642857142857
41.39
39.7
17.184880952380954
14.086666666666666
40.29
40.94
9.6
24.15
8.89
1.04
1.2071428571428573
26.92
40.62
13.31
41.05
19.75
8.05
40.06
25.44
37.15
36.48
23.7
39.83
47.73359523809524
35.39
39.96
39.69
11.19
43.65
42.87
22.699166666666667
4.27
50.38
5.15
1.8191666666666664
30.38
0.35
42.5
19.88
0.4036666666666667
35.1
26.9
42.14
26.08333333333333
27.21
21.47
28.31
39.07
17.58
36.83
13.856666666666666
34.43
11.34
21.2
28.56
36.76
12.84
11.88
42.39
28.5
40.9
15.41
18.52
37.22
40.51
40.16
36.82
38.53
21.05
19.06
39.4
19.013333333333332
10.846666666666668
25.57
39.97533333333333
0.4
37.82
29.53
31.49
41.09
18.09
11.21
7.814166666666666
31.6
1.71
32.66
27.45
1.98
16.845555555555553
8.698152958152956
44.53
14.823333333333334
16.43
39.0
39.01
11.25
47.21
23.74
4.133333333333333
3.84
37.25
21.46
6.89
19.08
37.9
0.66
22.52
35.96
19.15
39.55
35.29
39.84
15.15
42.34
32.98
35.76
44.1
39.35
18.16
23.97
20.15
2.746666666666667
39.27
28.63666666666667
13.02
6.8
25.23
12.51
16.47
38.43
37.73
11.81
14.75
38.09
13.45
7.36
11.78
13.88
41.14
33.67
38.39
14.06
39.14
27.08
8.62
15.53
17.8
39.56833333333333
15.72
12.63
40.05
13.9
18.01
39.32
8.67
16.68327380952381
42.77466666666667
26.66
19.87
32.82666666666667
39.9
30.54
38.67
13.03
12.95
3.89
38.68
2.01
14.156666666666668
5.67
6.78
39.05
19.6
32.8
22.87
39.12
18.42
37.83
39.88
29.81
51.09
40.56
39.97
29.34
34.58
9.44
40.45
17.01
43.12
38.24
37.21
37.88
9.23
10.45
9.604666666666668
26.69
42.35
38.97
38.73
32.25
23.25
10.39
32.55
9.4
23.2
38.22
28.31
19.12
5.94
17.37
20.88
38.42
37.87
37.29
16.57
28.14
25.03
19.32
8.45
21.59
37.06
39.6
29.98
29.84
30.626666666666665
38.625
27.82
38.36
17.41
42.92
18.97
13.02
35.54
30.54566666666667
36.593333333333334
40.23466666666667
22.44
38.4
5.68
13.49
40.48
11.77
31.18666666666667
25.34
3.25
34.82
38.48
43.22
9.163333333333334
0.74
28.14366666666667
8.15
27.23
5.24
25.69
39.77
22.13
38.04
14.62
40.22
22.65
27.7
17.31
36.132
40.23
21.11
36.04
2.75
25.92
36.03
28.49
9.048
5.28
32.3
1.28
0.0
1.648190476190476
12.86
29.95
1.5166666666666666
39.82866666666667
23.49
43.64
38.54
40.98
25.19
32.63
39.56
6.793333333333334
40.19
11.8
35.63333333333333
4.33
32.45
17.16
13.23
33.64
37.34
51.75
41.47
44.37333333333334
31.08
22.76
4.75
20.31
23.02
30.99
47.13
19.86
16.05
31.83
9.53
20.04
23.42
37.93
16.29
17.74
38.5
31.82
40.52
11.11
35.33
39.74
23.34
33.77
41.39
0.84
38.33
41.47
6.76
34.13333333333333
39.96166666666667
38.81
18.47
8.53
5.9726406926406925
4.76649938949939
38.53
26.04
32.9325
15.433333333333332
11.86
3.9
42.22
38.13916666666667
37.93
12.35
8.79
11.87
36.155
7.0625
13.07
19.44
7.8133333333333335
40.18
12.22
30.61
27.0
30.26
35.39
13.3
16.22
22.6
38.14
39.55166666666667
40.544666666666664
13.43
16.66
22.66
17.79
29.97
47.52
16.28
5.313333333333333
27.11
30.28
9.96
7.96
38.86
14.31
39.47190476190476
11.04
16.66
11.64
39.15
30.463333333333335
11.88
9.4
15.47
7.64
10.38
37.28
35.68
8.44
26.88
32.14
28.658333333333335
39.44
12.19
11.48
26.76
34.51
1.25
9.11
4.33
37.66
21.17
41.16
40.74
40.3
27.37
8.06
37.1
17.996666666666666
32.446666666666665
9.48
39.17
13.51
40.33
11.076833333333333
16.85
30.15
38.42
9.62
14.48
6.31
19.5
26.14
20.800416666666663
39.45
31.19
6.9
20.78
13.93
39.07
14.510000000000002
44.4
38.13
38.05
25.43
1.2966666666666666
40.56
40.46
41.51
15.95
5.156666666666666
39.04
11.44
35.52
32.21
0.275
36.8
32.4
17.35
37.19
2.81
20.56
8.91
19.71
36.58
21.1
39.52
29.04
7.21
40.12
19.796666666666667
38.94
17.87
39.61
39.55
40.306666666666665
39.12
44.51
32.78
3.71
0.0
16.78
20.54
39.28
36.69
12.64
36.72
6.74
4.670372405372406
38.02
30.65
40.83
12.72
16.63
35.97
2.8833333333333333
37.19
14.46
3.23
20.53
41.63
38.84
4.427333333333333
31.15
22.77
12.24
20.51
31.53
41.46
35.48
12.64
32.04
13.78
14.03
39.95
43.08466666666667
5.9
34.0
32.06
39.38
38.55
20.76
0.0
14.12
20.41
25.87
39.86
37.16
23.56
21.87
39.98533333333334
9.216095238095239
29.75
41.16
39.19
26.53
40.66
25.27
33.86
29.8
31.48
36.2
20.154666666666667
33.5
34.68
38.95
29.49
39.75
42.1
14.78
28.24
17.27
37.67
39.03
20.78
42.08
21.2
0.55
45.46
35.60166666666667
17.66
37.85
8.07
33.06
7.42
40.73
2.83
8.94
38.25
20.31
38.67
38.44
39.68
2.9675
28.97
39.23
32.06
38.76
39.41
5.09
11.48
25.71
38.1
29.82
6.2
38.46
37.56
38.1
10.91
35.25
40.53
12.05
19.98
39.02
14.58
41.51
42.28
29.49
33.48
21.32
19.933333333333334
25.22
1.1464642857142857
27.06
8.59
26.46
16.49
7.34
27.46
38.16
40.27
22.44
21.39
28.25
21.95
6.476666666666667
29.28
36.27
36.91
24.4
15.92
8.12
23.31
23.17
39.28
25.47
13.465
39.46
21.10583333333333
12.085
32.91
22.46
25.5
45.49
36.593333333333334
15.94
24.63
12.255
17.22
14.533904761904761
22.1
24.17
36.82
23.23
11.046666666666665
26.48
40.25109523809524
9.7
2.02
27.61
6.94
0.256
27.52
43.29
5.83
41.99666666666666
33.11
39.41
42.05
36.71
27.29
23.56
20.29
34.87083333333333
8.1
22.15
27.95
10.53
6.6
38.96
6.189880952380953
38.57
29.37
17.04
38.82
13.25
38.18
39.42
39.20333333333333
26.86
19.15
0.96
40.36
20.19
7.67
5.2
5.0
27.28
43.51
40.17
11.48
15.4
15.28
39.82
21.02
35.36
23.34
9.77
2.725952380952381
37.58666666666667
39.21
39.14
6.793333333333334
40.32
13.24
37.72666666666667
41.48
19.38
14.84
5.83
35.43
27.74
43.17
0.35666666666666663
32.62
39.46
38.34
11.425
27.22
16.96
39.5
35.32
12.28
11.662
13.25
24.52
39.11
41.298
39.63
38.9
15.97
24.2
41.02
37.68833333333333
5.23
29.02
21.99
24.25
35.12666666666667
17.68
25.6
28.22
6.08
24.27
13.34
5.32
38.98
13.61
14.42
37.66
12.4
40.2
16.06
0.81
20.3
22.07
38.94
23.55
13.32
13.2
28.18
33.93
12.19
30.18
21.89
41.46
24.11
37.75
35.61933333333333
15.79
0.58
21.41333333333333
36.97
35.57
39.801428571428566
41.39
31.86
7.96
19.27
0.64
37.84
43.41
38.45
13.43
26.27
46.18333333333333
28.84
5.816666666666666
39.48
36.99
30.41
15.86
19.17
39.78
32.29
31.759999999999994
5.83
17.0
31.39
31.34
39.63
38.69033333333333
16.06
34.71
21.57
37.76666666666667
43.4
35.85
25.5
8.73
15.34
28.39
31.65
39.66
11.598888888888888
32.53
14.32
15.6
29.05
39.38
32.71
40.63
39.31
31.84
32.85
4.63
1.8
23.15
2.266666666666667
35.18
45.03
44.38
27.71
15.24
40.19
29.97
15.65
41.6
7.03
38.21
16.25
30.12
18.03
23.38
18.37
30.85
29.45
11.15
31.129999999999995
19.3
36.98
41.94
1.68
12.02
0.25
37.43
15.463333333333333
0.0
32.55
12.65
10.76
39.03
27.51
23.623333333333335
18.13
12.65
16.1
21.34
14.58
40.49
13.103333333333335
8.7
14.78
10.68
20.3
26.83
21.69
37.29
29.3
25.85
37.2
37.29
21.56
39.63
42.33
32.27
45.17
39.78
23.9
12.06
40.63
15.0
40.13
17.46
11.17
21.78
20.23
21.89
18.55
35.98
6.53
39.4
9.83
1.5946666666666667
31.43
38.36
24.80666666666667
39.9
0.6
38.1
34.34
13.01
44.35
35.02
21.74
16.6
12.74
5.11
14.46
7.6
34.24
16.52
41.01
18.17
35.06
14.46
39.465
12.08
44.55
38.93333333333333
21.05428571428571
15.153333333333332
35.16499999999999
13.1
39.86
4.853492063492064
27.345
31.2
13.5
30.69
8.203333333333333
12.88
36.74
27.7
33.07
38.56
38.68
8.07
36.59
37.11
2.725952380952381
38.46
19.01
35.67
26.88
15.36
25.87
40.34
17.47
17.59
33.41
18.22
36.02
35.09
21.75
20.09
38.92
4.16
10.96
3.74
39.33
25.61
12.8
31.03
40.065
24.76
37.89
32.45
15.35
9.51
12.65
39.43
26.76
39.85
6.62
40.38
13.83
2.46
26.18
22.68
41.66
2.15
27.15866666666667
36.92333333333333
15.92
29.78
7.09
34.14
13.6
48.36
26.63
3.04
32.97
22.73
8.64
36.402
26.42
14.22
19.92
42.29
11.62
31.1175
30.39
48.61
25.27
20.08
38.7
36.743619047619056
25.92666666666667
0.6604007936507935
40.23
34.15
39.37
11.49
40.16
18.84
5.22
33.99
24.31
24.69
37.28333333333333
39.65
38.64
41.54
16.98
7.79
47.48
37.74
21.56
10.611333333333333
30.79
25.72
37.61
40.58
16.65
42.95
37.43
33.95
30.2
18.61
38.41
28.16
36.58
32.92
29.62
38.6
39.35
32.59
36.41
9.255714285714285
3.26
7.41
7.2
18.73
39.17
36.77
38.58
5.87
12.5
17.21
29.86
0.0
11.58
7.65
30.35666666666667
21.826666666666664
42.97
39.74
10.53
17.5
1.8753333333333333
6.0
6.3
22.53
16.03
9.12
49.04
14.95
14.98
18.47
31.24
21.35
21.33
16.87
25.2
25.84
20.65
29.59
37.988
40.32
47.65
35.97833333333333
22.79
12.98
37.01
27.03
10.83
2.4838095238095237
36.14
38.85666666666667
30.79
13.73
16.12
20.45
23.66
33.73
40.761333333333326
39.5
12.95
40.22
24.14
30.56
34.12
39.62
42.05
28.21
10.14
36.61
14.31
43.82
35.25
34.99
41.67
23.175
24.86
25.5
38.09
30.59
8.15
13.39
7.31
18.24
40.25
28.28833333333334
22.41
6.793333333333334
19.25
27.93
36.71
4.41
20.43
9.21
11.57
23.86
36.94
38.74
24.18
7.12
41.74
26.02
28.257999999999996
32.0
40.63666666666666
40.94
27.34
28.51
46.18
28.22
20.68
39.3
32.31
19.92
40.1
19.253333333333334
16.73
20.4
19.95
37.92
15.36
23.07
28.29
21.41
40.49333333333333
19.43
37.1
36.83883333333333
10.95
19.56
18.29
37.11
31.17
26.656666666666666
38.63
18.263333333333332
19.3
2.6
37.76
30.09
38.94
30.576999999999998
16.436666666666664
35.75
46.44
27.08
24.27
40.25
44.42
2.44
10.486190476190478
26.61
16.58
39.7
39.68
5.38
15.99
37.715
36.38
4.945333333333333
24.42
15.09
30.05
35.47
34.35
12.7
24.89
41.92
17.184880952380954
30.77
38.62
24.48
27.2
39.14
40.16
8.6
28.08
40.02
35.39
44.76
35.16
22.52
41.25
40.43
41.07
20.7
38.33
9.93
14.44
14.53
41.69
15.43
11.63
0.27666666666666667
39.88
24.55333333333333
15.48
37.35
13.79
42.42
3.79
11.07
36.28
38.15
4.45
0.34
20.81
9.404666666666666
27.9
32.46
39.93
31.06
10.706666666666665
30.91
32.21
24.85
15.22
2.9733333333333336
14.36
39.41
41.3
13.41
39.13
9.04
39.79666666666667
24.77
0.0
22.37
42.88
15.73
28.06
0.0
38.88
30.90833333333333
16.6
4.0
39.77
38.06
22.05
38.83
38.1
34.88
13.81
14.35
39.96
38.28
21.43
26.81
40.76
10.52
14.9
38.53
41.55
17.05
39.61
9.52
14.13
14.35
30.31
12.34
16.845555555555553
18.14
17.04133333333333
15.41
15.4
36.352476190476196
18.56
36.8775
26.76
25.22
40.7
38.87
19.1
39.82733333333333
16.83
16.28
35.690000000000005
25.97
3.62
8.9
29.41
35.8
8.66
25.373333333333335
14.22
24.454
22.27
5.08
28.42
1.194761904761905
35.11
8.75
38.86
44.53
6.31
7.17
16.0
6.793333333333334
29.61
14.31
33.49
41.9
22.19
22.89
32.02
39.9
4.57
25.00666666666667
12.55
12.213809523809523
30.46
36.48
25.886666666666667
28.33
29.83
39.292
45.71
38.35
6.79
3.29
39.72
19.34
9.0
30.44
35.54
24.51
39.963
39.28
18.47
4.61
39.01
3.59
34.42333333333333
37.5
18.635
34.47
18.38066666666667
40.61
8.48
4.98
35.22
1.339047619047619
23.1
23.3
6.045
37.13
37.61
20.12
41.49
33.17
23.65
9.15
39.84
23.15
36.42
17.3
15.68
25.98
24.415
35.57
38.55
36.21
3.38
2.356
25.7
31.45
11.9
17.328333333333333
27.92
40.8
27.65
11.125901875901878
17.2
17.32
34.71
17.93
41.28
19.67
17.848333333333333
39.41
41.34
10.56
43.47
18.41
11.1
23.91
6.51
34.27
39.96
12.7
0.74
38.6
4.5
37.91
10.56
3.04
15.636666666666667
9.95
17.81
41.0
5.69
32.66
28.88
14.47
42.99
28.81
30.33
10.3
39.07
41.1
17.29
20.98
9.046
27.97
11.21
18.04
41.47
11.895
2.68
35.73
26.54266666666666
22.15
38.18833333333333
19.81
15.2
36.9
26.2
20.65
13.2
8.95
13.8
14.88
29.12
14.93
16.62
37.17666666666666
7.72
8.98
34.58
31.171904761904763
15.93
9.22
0.28
37.23
40.42
35.34133333333333
39.53
33.99
25.32
27.75
16.58
20.52
40.66
15.63
39.79
24.013333333333332
37.56
32.68
37.34
24.32
23.16
40.233333333333334
22.27
17.94
37.75
14.1
17.204
31.85
35.28
10.91
30.4
36.76
32.45
36.34
20.59
42.21
37.56
12.5
26.38
18.11
38.88
24.95
41.578
40.35
35.35
1.28
15.41
29.31
38.51
7.63
31.02333333333333
39.6
41.43
21.43
13.58
6.68
32.71
33.42
38.46
35.77
33.69
35.96
38.04
43.48
28.17
13.51
21.4
38.56
39.92
39.75
33.0
31.24
36.53
38.02
29.72
0.9
4.06
18.81
31.48
22.43
39.54
20.24
15.67
24.35
0.4
14.9
27.87
38.13
39.81
27.97
29.23
28.71
36.04
23.17
33.306666666666665
41.33
43.23
29.69
19.64
45.04
26.065
34.48333333333333
33.1825
0.04
27.66166666666667
2.13
3.11
17.503333333333334
32.85
19.77
7.426666666666668
20.08
37.8
9.785
30.75833333333333
40.89
34.19
8.91
10.01
2.536666666666667
18.7
13.262
5.74
39.13
43.78
33.26
8.698152958152956
40.01
0.2
20.11
30.36333333333333
2.12
50.04333333333334
4.133333333333333
11.75
32.49
31.38
43.84
3.7483333333333335
33.58
40.04
40.805
37.10633333333334
16.98
26.55
25.4
41.94
8.92
29.54
29.42
30.98
35.61
34.18
22.27
7.26
20.98
35.8
42.8
35.15
24.2
5.712222222222222
14.96
4.13
5.679880952380952
31.805
19.7
36.35619047619048
27.21
27.27
10.97
35.33
44.8
29.52
27.03
20.75
12.81
2.87
22.85
26.82
0.4036666666666667
43.26
14.28
17.8
34.75
24.69
13.72
1.2071428571428573
47.91
23.23
44.87
23.17
31.95
7.77
5.5166666666666675
0.2
38.71
17.74
13.461666666666666
18.1
11.27
24.5
39.09
24.85
39.36
20.42
37.6
24.42
15.52121212121212
32.13
19.863333333333333
6.91
17.04
36.42
21.05583333333333
41.93
25.12
35.05
10.54
33.03
38.08
9.85
24.87
4.76649938949939
7.03
19.42
23.91
35.2575
40.17
33.235
24.39
2.47
20.96
26.43666666666667
33.0
8.05
22.8
38.29
20.93
22.56
25.37
28.81
8.55
7.95
13.87
12.51
26.64
21.775
40.45
38.09
45.32
19.26
22.63
14.52
23.71
28.72
39.85
42.62
12.22
17.22
20.25
31.389523809523812
18.42
16.61
26.89
14.33
39.27
22.35
9.83
10.16
14.98
28.54
39.01
13.496666666666664
38.28
20.83
4.19
27.6
17.45
39.46
23.65
1.8191666666666664
4.0925
21.26
40.72
16.02
29.07
6.96
48.57
3.96
12.995
42.05
41.28
47.6
17.066666666666666
41.11
37.76
38.04
38.45
22.15
18.46
26.71
6.189880952380953
49.92
43.38
17.76
28.28
37.92
7.56
15.69
38.2
39.935
28.33
0.35
22.73
36.79
18.25
21.64
12.34
22.63
5.55
12.24
24.32
29.43
0.12
39.51
9.27
15.9
13.59
7.3
13.72
17.25
22.45
38.96
15.06
3.73
0.8616666666666666
29.99
10.38
42.96
17.47
38.08
11.05
46.09
24.6
45.25
37.46
41.33
40.30916666666666
23.49
37.74
24.41
21.64333333333333
12.05
27.98
31.275
19.19
28.94666666666667
26.76
30.72
38.29
44.49
39.77
35.24
26.50333333333333
11.91
38.25
40.9
5.0
0.79
14.255
18.06
38.21
39.4
40.69
36.7
14.45
22.68
36.743619047619056
26.51
6.48
38.70666666666666
41.05
3.45
28.83
33.1
29.68
3.25
44.28
38.03
41.09
14.75
43.21
6.45
33.2
2.65
28.675
25.1
42.65
15.22
45.04
40.81
22.49
40.26
9.62
35.06
43.43
40.21
13.46
44.96
25.98
36.11
24.66
30.42
27.98
36.72
40.26
27.27
43.52
36.76
25.02
39.49
22.12
21.64333333333333
38.99
32.58666666666667
19.08
26.52
25.754
14.48
28.32
38.78
33.98
14.68
13.74
51.73
33.5
20.145
41.195
36.69
37.3
41.31
30.37
21.16
35.45
0.0
36.23
8.9
9.97
4.92
37.56
27.628333333333334
27.52
21.4
8.106666666666667
9.12
34.95
15.65
10.62
25.77
13.475
25.39
23.64
28.42
10.06
40.09
45.73
6.9
29.32
12.04
13.42
2.92
38.03
11.9
44.13
40.03
34.33
21.8
3.19
37.01
41.13
40.4
26.97
15.35
21.18
22.34
36.83883333333333
4.2
28.1125
0.0
13.12
35.69
18.98
18.111666666666665
13.36
41.1
29.29
40.48
25.4
19.76
29.63
3.3547070707070707
37.57
16.7
9.29
7.19
41.34
20.51
1.8
44.28
0.0
43.71
31.76
46.72
5.75
10.09
11.516666666666667
39.13
3.1691428571428575
39.51
26.81
37.52
46.79
9.0
28.2
44.24
22.08
16.0875
38.19
34.67
43.27
28.02833333333333
22.035
36.23
23.7
34.6
26.61
19.18
40.66
16.25
20.59
20.46
38.33
40.76
21.34
2.76
1.52
23.52
31.48
7.96
39.72
21.31
24.42
38.02
26.98
39.6
22.55
8.89
34.43
0.27666666666666667
20.13
32.11
17.53
36.743619047619056
43.73
35.47
28.78
24.68466666666666
15.96
21.97
7.62
36.82
39.04
11.74
17.27
39.04
30.09
16.5
42.17
25.22
3.7
34.443000000000005
2.2
19.68
2.36
34.05
53.48
24.2
20.95
26.99
35.33
16.42
40.7
12.0
32.63
34.92333333333333
38.9
32.94
32.69
38.02
30.77
31.51
16.348253968253967
25.55
31.99
22.04666666666667
20.79
6.11
4.52
19.11
5.06
23.41
15.02
17.96
19.52
29.1
40.869166666666665
14.74
30.59
37.31
12.36
38.15
29.06
19.91
38.08
7.88
39.12
14.63
13.61
38.86
27.47
29.57
36.35
21.42
17.98
50.071999999999996
8.05
38.96
37.65
19.05
39.94
26.51
9.55
6.74
37.54
38.42
23.82
36.85
21.33
37.83
11.61
6.546666666666668
18.26
37.665
16.253333333333334
41.14
0.0
43.98
18.635
35.62
3.88
10.92
5.59
35.7
33.58
2.2
42.31
36.07
1.2048571428571428
40.48
15.96
8.48
40.92
10.706666666666665
44.16
38.39
28.53
17.53
29.455
36.98285714285714
2.3091666666666666
0.9
39.74
4.627777777777777
16.79
38.73
21.13
43.71
38.86
10.805
26.08
20.62
44.14
41.06
17.88
24.96
38.85
6.14
12.04
37.47
14.48
23.6
35.35
26.206666666666663
42.5
27.1
20.11
16.05
26.03
22.55
22.01
41.43
40.82
0.35
17.06
14.22
44.02323809523809
44.14
22.78
36.75
38.95
24.03
37.10633333333334
39.47
34.95
42.76
42.67
29.2
45.07
38.29
26.64666666666667
15.0
30.95
35.91
35.85
28.55
38.832166666666666
11.66
33.56
18.31
34.2
48.7
39.82
34.12
33.28
38.81
19.28
33.67
2.4
16.813333333333333
31.19
28.01
7.33
38.7
31.48
33.27
20.57
34.26
28.14
29.06
11.84
40.44
26.42
39.94
5.05
12.34
40.14
10.99
21.68666666666667
40.18
0.0
19.51
25.52
31.65
41.46
26.64666666666667
39.6
2.44
8.3
40.20666666666666
17.64
28.74
20.17
18.71
12.25
27.84
10.73
7.81
38.33
40.11
21.74
17.95
14.97
19.03
42.17
10.77
40.56
42.16
15.044761904761902
16.76
9.17
47.91
38.51
17.99
24.16
39.88
20.68
15.45
36.61
23.49
9.86
39.61
15.46
38.88
39.59
13.47
28.08
16.49
11.295
19.71
14.8
1.1464642857142857
20.39
38.21
33.35
34.12
39.66
38.69
25.45
38.28
9.09
34.34
10.79
38.98
34.6
22.88
4.95
17.61
20.981666666666666
37.9
7.82
14.41
38.76666666666667
39.14
23.44
15.78
0.0
13.4
6.72
35.14
24.72
39.81
39.11
39.27
0.724857142857143
38.24
25.46
34.94
42.22
2.68
39.84
46.66
32.7025
8.21
0.0
31.67
32.89285714285714
46.19247619047619
36.7
19.28
22.34
28.064
42.76
18.89
17.44
17.89
16.94
1.38
17.275
37.23
29.13
13.59
4.46
39.72
40.74
23.26
0.27666666666666667
14.9
23.1
35.51
27.21
36.62
32.82
37.95
24.12
4.0925
20.05
24.35
14.95
38.53
43.46
25.27
30.50666666666667
19.16
20.846666666666664
22.28
12.37
38.45
7.42
47.13
48.43
41.62
44.69
35.96
12.58
32.65
6.67
35.87
29.39
0.0
53.84
22.71333333333333
14.43
24.96
31.59
5.12
0.12
27.37
10.61
15.453333333333333
26.554666666666666
35.83
5.7
7.0
12.63
17.2
42.45
24.12
21.99
10.9
4.75
7.48
39.29833333333333
34.865
11.3
19.84
14.92
37.54
0.5666666666666668
37.92
22.59
6.55
13.98
31.6
35.9
13.55
11.43
5.122534132534136
0.0
39.02
31.35
40.19
7.6
25.28
2.83
51.18
0.0
5.89
1.1538095238095238
7.3
16.475238095238094
24.59652380952381
19.42
1.08
38.48
12.2
22.143333333333334
21.52
4.39
38.805
32.76
37.84
12.09
36.34
27.41
4.75
17.79
5.91
4.49
40.23
42.45
21.17
33.24
30.06
39.38
13.67
8.24
40.32
0.75
32.79
31.37
31.6
37.57
43.37
13.99
39.32
39.35
21.14
29.24
10.98
7.98
28.31
35.14
6.213333333333333
42.0
39.81
38.94
18.74
30.0
39.44
21.71
9.76
26.09333333333333
23.925
36.01
37.807857142857145
44.9
31.22
39.835
23.89
27.25
41.45416666666667
2.3583333333333334
2.7557142857142853
26.46
35.75
13.47
21.0
19.44
20.32
6.46
2.725952380952381
15.19
6.4
18.81
32.69
37.21
25.4
33.71666666666667
19.26
3.96
36.25
21.45
26.78666666666667
26.5
38.722166666666666
16.24
16.07
33.96
13.79
38.34
11.19
36.558
32.37
29.97
25.79
31.693333333333335
37.86
14.43
10.49
34.15
24.91
16.65
42.14
27.89
17.19
21.89
15.39
34.61
17.976666666666667
11.693333333333333
17.89
14.04
40.5
12.02
35.56
19.84
0.0
31.66
0.88
20.8
3.6
38.22666666666667
18.53
20.69
30.5
39.03
39.85
23.31
43.55
30.97
2.85
36.84
37.42
40.76
11.74
25.65
20.575
28.08
36.77
11.573333333333332
15.16
29.03
39.31
6.71
12.41
27.74
28.63
36.58
21.22
40.66
26.45
37.29
24.58
36.77
4.03
20.58
28.17
18.54
15.28333333333333
10.87
35.54
33.91666666666667
41.85
22.18
35.38
4.3
9.255714285714285
35.42
27.91
0.8890476190476191
26.1
2.4838095238095237
38.41
20.04
36.72
6.189880952380953
36.24
39.77
29.53
39.83
34.79
31.29
12.91
46.93
14.83
36.84
41.1
28.29
28.28
26.25
28.62
22.9
28.71
10.16
31.62
11.188571428571429
5.97
41.77333333333334
37.87
40.85
41.17
39.1
36.25266666666667
9.41
27.31
20.59
29.65
36.92
13.52
8.82
15.27
21.94
20.352083333333333
21.096666666666664
22.55
0.5
38.98
25.4
9.82
38.02
26.45
43.35
4.47
40.35
11.15
18.24
12.58
0.4036666666666667
10.35
30.26
28.07
38.32
8.83
42.91
34.87
31.95
18.31
33.33
10.78
38.91
35.965
31.9
42.24
3.3
47.77
36.07
34.1
8.06
32.24666666666666
33.2
38.46
39.63
16.02
22.73
40.17
47.95
16.48
12.23
7.57
43.88
20.280833333333334
36.87
10.1
23.02
26.42
34.78
28.1
25.65666666666667
23.14
29.71666666666667
43.32
15.2
14.78
30.53
17.68
30.59
28.48
37.94
29.23
26.7
33.52
11.48
18.09
35.97
10.78
33.78666666666667
40.52
6.54
38.88
9.88
15.25
33.97
6.38
38.55
27.65
17.87
23.1
28.14
35.81
29.18
31.69
24.64
43.23
31.253333333333334
8.12
39.82
26.31
40.39
40.09
14.82
5.24
37.98
11.68
21.39
9.29
23.97
35.9
39.55166666666667
6.96
23.473333333333336
39.95
14.34
1.16
5.32
43.34
0.0
3.05
0.0
39.24
19.77
19.78
44.15
32.16
35.08866666666666
24.62
0.6
9.9
24.4
37.12
25.92
37.32
19.09
21.92
22.36
21.32
39.97
36.22
23.46
43.06
39.19
45.98
18.44666666666667
16.2
41.26
34.55
38.1
37.6
11.97
19.38
19.72
24.14
27.83
30.17
35.236666666666665
30.57
13.73
13.01
26.94
36.24
39.34
27.91
22.37
8.99
19.76
41.93
33.74
35.68
4.24
19.97
31.7
11.52
39.96
35.0
39.12
22.44
23.04
26.99666666666667
36.08
38.91
16.07
17.1
41.48
40.06
16.44
17.17
8.55
3.44
30.44
45.23
37.92
15.48
21.08
28.63
0.0
35.56
7.776666666666666
33.36
30.22
30.54
39.95
16.08
17.2
16.77
42.94
38.79
39.33
11.55
37.75
23.63
3.78
36.25266666666667
20.41
43.92
21.17
39.71
35.23
40.0
34.47
31.34
2.835833333333334
35.2
38.34666666666667
35.86
31.44
9.5
4.24
9.43
39.76
39.59
43.12
15.35
27.65
20.63
32.5
12.1
24.22
19.07
41.24
38.0
0.7
39.47
16.62
46.37
12.6
18.95
41.53
40.59
4.92
37.56
38.96
20.07
24.02
10.01
3.6166666666666663
38.2597619047619
13.54
3.75
36.72666666666667
4.976666666666667
39.58
37.986666666666665
9.66
0.0
44.3
26.34
39.97
34.57
5.43
8.67
34.24
36.8
37.35
35.444
2.75
1.431904761904762
17.03
17.78
28.28
25.86
2.28
16.135
8.88
36.40166666666667
27.25
22.26
39.74333333333333
0.74
24.28
20.56
26.2
13.34
22.29166666666667
29.82
24.78
45.12
20.23
22.05
39.62
19.24
56.35
36.76
42.32
0.0
21.22
22.12666666666667
39.47
35.38
40.7
35.58
26.41
25.82
10.81
36.82666666666667
33.07
9.19
39.25
31.1
31.85
1.15
21.17
15.36
5.44
10.3
23.73
25.15
11.52
15.2075
42.31
26.64666666666667
15.126666666666665
35.77
32.745
23.55
3.79
23.37
39.38
20.685
11.65
38.755
24.81
29.58
16.0
30.26
4.19
1.1464642857142857
42.85
24.8
28.59
6.505079365079365
23.28
19.77
15.3
20.08
16.5
24.35
28.57
30.77
42.1
41.75
9.65
40.19
13.85
10.95
6.44
24.93
23.69
15.05
42.67
2.746666666666667
31.7525
17.46
37.92
4.33
11.67
18.12
40.52
19.72
31.18
1.916
11.87
8.64
29.0
37.79
16.15
14.776666666666666
24.51
32.44
32.6
37.44
41.62
42.74
38.83
38.39
4.49
21.35
21.82
46.17
41.05
30.613333333333333
12.3
26.82
35.74
16.73
12.44
9.956666666666667
6.5675
30.58
32.5
25.39111111111111
23.7
37.77
18.29
29.89
13.17
42.59
21.235
32.12
26.82
42.35
5.273333333333333
2.46
23.32
0.0
15.83
4.99
22.03
38.33
36.99
40.07
41.23
16.305
39.3
25.93
6.21
24.11
22.19
8.71
17.11
34.58
44.19
30.32
14.34
13.0
12.22
14.346666666666666
10.03
39.49
39.52
37.51
1.2048571428571428
15.93
34.26
28.12
33.48
37.23
9.66
12.5
36.27
21.51
24.58
18.895416666666666
0.1288888888888889
15.49
8.698152958152956
8.995
31.16
43.07
7.472238095238095
3.18
5.631666666666668
37.08
5.48
35.09
39.97
43.13
28.82
8.57
9.13
17.27
21.34
24.515
26.53
3.519166666666666
15.29
39.21
41.48
36.82
35.33
2.74
2.09
20.16
24.48
40.0
39.19
4.82
37.73
8.81
38.24
39.21
10.71
16.22
22.44
43.01
43.17
6.35
16.52
35.46
38.74
19.3
40.29
14.18
23.3
4.95
0.0
4.94
40.96
25.25
18.73
19.68
5.98
41.46
36.75
18.990000000000002
6.96
37.88
26.46
36.92
23.95
23.19
46.99
21.38
19.18
25.1
11.33
36.5
0.46666666666666673
30.555
16.55
29.8
2.986666666666667
11.66
11.45
24.83
42.77
33.66
12.67
33.34
34.91
48.47633333333333
13.66
15.12
27.256666666666664
4.94
40.34
38.16
39.77
29.09
5.94
39.92
40.72
35.264
16.88
22.83
20.06
36.295
19.43
29.21
5.98
40.02
39.59
7.55
24.32
32.18600000000001
25.29
26.48
42.35
18.28
23.23
0.0
24.51
0.24
39.13
22.14
12.5
20.26
40.37
39.28
16.91
40.63
41.44
37.22
12.36
24.09
26.06
37.24
31.94
27.11
16.99
20.68
37.39
36.55
35.11
30.31
26.26
38.56
13.9
25.87
22.03
42.85
43.52
34.21
8.055000000000001
27.45
18.055
38.58
0.2714285714285714
20.56
6.08
11.45
17.15
29.35
35.21
38.53
11.59
41.02
24.08
25.31
29.49
34.28
34.69
12.101666666666667
32.97
24.48
36.34
19.32
8.17
12.92
14.85
37.51
23.56
48.41
15.08
30.63
37.0
4.48
39.69
14.07
22.76
20.62
34.98
22.265
2.68
19.835
17.73
20.1
11.42
19.35
36.632
11.25
23.02
40.0
19.24
30.08
21.59
39.71
39.04
37.05
39.31
36.43
22.31
38.9
13.673333333333336
12.53
40.3
8.28
30.0
2.85
11.741666666666667
31.87
29.848333333333336
22.9
4.28
33.61
24.41
32.58
38.35
40.57
40.29
40.76
20.44
36.11
20.94
19.17
23.19
42.65
38.48
24.37
27.809999999999995
15.52
31.25
34.57
38.94433333333333
40.32
14.11
28.16
42.42
29.51
29.62
41.45
35.02
3.4414285714285713
13.38
26.08
40.92666666666666
43.4
0.0
36.51
39.25333333333334
36.68857142857143
18.52
33.05
22.27
37.55
27.41
27.61
39.4
23.82
31.036666666666665
39.56
39.77
12.9
9.48
41.91
14.4
17.13
13.82
40.64
42.12
36.89
33.19
19.53
25.23
26.21
19.65
27.64
21.51
30.57
16.0
30.02
38.12
40.29
37.8
41.09
38.94
10.725
44.05
2.746666666666667
11.551999999999998
22.46
37.02
33.61
36.56666666666667
37.54
38.8
25.14
50.11
6.189880952380953
10.29
0.0
23.9
14.59
17.92
38.44
41.01
16.18
17.284761904761904
1.16
1.5538095238095238
19.14
2.746666666666667
11.26
21.33
19.82
27.38
28.53
26.01
34.36
19.171333333333333
36.63
40.94
35.29
38.99
12.66
0.0
22.11
40.18
37.66
39.1
17.14
20.07
42.04
21.43
38.12
15.3
40.97
3.6406666666666663
38.27
14.14
4.042000000000001
20.325714285714284
34.17
28.210666666666665
24.77
8.78
34.31
27.94
39.43
41.24
23.02
7.76
38.94
18.29
38.84
34.64
41.1
44.57
25.13
40.5
40.28
39.92
32.08
43.98
12.66
37.44
40.52
48.26
21.64333333333333
28.28
35.51
42.25
5.49
31.923333333333336
31.26
17.38
8.77
31.2
14.27
11.74
34.88
0.2
39.96
38.43
19.11
41.07
22.52
20.15
13.96
30.56
16.58
38.57
12.55
18.5
35.01
13.15
38.64
14.78
38.86
40.78
31.16
37.79
39.2
29.06
20.04
18.29
34.39
13.65
17.75
4.05
37.25
3.26
45.525
42.61
33.47
33.81333333333333
37.89
8.563333333333334
17.98
23.07
39.96
32.28
41.59
24.9
41.16
9.63
31.32
19.11
39.34
8.698152958152956
40.65
31.04216666666667
5.21
39.85
12.95
14.78
42.35
38.74
32.34
24.4
33.88
26.03
27.35
21.25666666666667
22.59333333333333
42.02
42.44
36.22
40.47
13.03
25.91
10.69
45.54
31.278333333333336
36.58
35.28
39.35
25.3
29.73
0.0
5.41
0.0
5.23
18.59
39.45
40.915
26.26
37.92
22.71
42.21
6.84
30.7755
19.87
41.12
38.95
39.94
36.47333333333333
30.2
10.13
0.0
21.68
22.122
31.19
37.3275
39.233333333333334
12.78
35.3
20.79
32.26
42.18
7.53
36.15166666666667
23.965
13.41
13.73
33.15
28.65
36.76
7.77
37.53
42.4
39.02
39.43
15.48
8.35
36.68
37.93
40.55
40.17
41.05
37.22
38.96
9.2
37.08
35.17
5.58
32.23
46.29
21.71
25.03
41.74
22.39
38.01
12.81
42.11
15.89
29.82
16.2
10.470000000000002
30.87
17.93
10.59
14.576666666666668
17.12
26.6
14.89
40.04857142857143
39.3
35.4
37.01
40.93833333333333
40.31
17.004
16.89
22.18666666666667
39.85
33.17
20.7
21.46
14.63
32.08
30.15
38.78
14.14
5.562222222222221
38.52833333333333
43.42533333333333
25.55
47.77
25.21
36.92
0.0
42.94
20.13
35.08
29.06
25.56
18.01
29.22
38.0
16.54
52.571999999999996
26.77
39.44
42.67
30.23
18.64
27.46
31.19
26.04
27.03
26.9
36.02
5.35
30.08
40.57
34.52
42.29
15.67
39.1
19.36
26.24
2.05
29.76
36.196666666666665
40.34
25.22
42.9
35.38
36.81
17.4
41.37
21.708333333333336
40.11
20.536666666666665
18.31
26.554666666666666
7.25
23.82
20.91
23.22
41.42
37.65
37.75
13.44
31.48
27.77
33.83
5.463809523809524
31.99
34.05
39.95
38.3
34.95
40.22
31.41
41.92
40.06
39.44
30.34
41.54
8.48
29.34
5.24
39.15
33.39
39.41
36.288
38.13
32.32
1.8
23.715
0.42
25.8
9.216095238095239
32.82
19.22
26.23
20.9
15.56
33.54
0.0
41.52
5.73
0.0
40.14
4.76
30.56
6.852222222222221
10.56
13.461666666666666
21.95
35.17
37.73
10.65
17.49
23.01
32.43
15.185
11.495999999999999
11.62
1.34
40.29
3.87
32.82
25.81
42.8
9.02
26.872666666666667
39.38
10.75
20.954166666666666
35.5
16.44
40.62
37.28
34.13
17.33
26.19
29.32
14.2
11.332
31.59
51.50333333333334
42.77
2.12
39.3
14.15
17.92
20.71
39.65
21.78
39.31
20.57
40.64
39.32
22.02
34.1
13.1
13.04
23.47
10.97
9.06
38.15
27.06
35.28
11.53
17.22
12.1
38.93
10.84
13.452666666666666
30.27
31.14
36.52
15.81
23.16
24.84
41.473333333333336
41.29066666666667
34.06633333333334
36.26
39.3
37.93333333333334
6.905714285714287
27.21
39.56
30.38
27.68
16.27
27.81
21.20333333333333
13.48
31.02
24.82
20.16
35.91
4.14
27.256190476190476
20.31
13.78
35.62
37.72
19.91
37.33
26.54
49.44
13.666666666666668
3.15
36.91
6.68
26.55
21.14
39.93
37.586666666666666
39.19
16.38
10.659999999999998
39.27
40.83
15.53
25.97866666666667
33.32
42.68
14.52
36.12
40.97
42.84
36.6
6.85
14.37
4.94
33.16
0.12380952380952381
9.478333333333333
33.6
23.44
40.51
16.27
11.2
40.3
12.81
4.97
22.46
28.92
0.84
2.01
7.82
22.29
39.66
7.236666666666667
12.31
24.47
9.23
9.52
32.85
41.64
43.97
12.54
42.13
5.55
34.45
17.6
8.575
35.15
29.41
29.48
28.09
22.385
18.89
29.83
21.64
11.43
37.9
13.65
38.51
31.09
23.37
28.71
40.5
7.32
0.724857142857143
10.88
3.04
28.4
29.8
39.96
19.04
25.0
38.94
39.8
40.48
39.99
40.61
3.6166666666666663
21.49
39.94
19.43
11.56
27.19
37.19
47.0
27.52
19.98
32.92
4.26
39.67
41.89
37.21
17.91
3.32
39.55
34.74
0.925
19.9
39.18
18.45
22.24
12.75
25.22
34.236666666666665
30.47
1.48
39.44
40.65
32.395833333333336
20.99
11.8
28.42
47.29
14.44
44.15
36.94
30.495714285714286
51.16
37.58
21.94
34.65
31.78
4.833333333333332
28.383333333333336
35.9
21.79
36.735
1.7
21.65
26.54
37.1
6.75
48.55
10.33
19.62
39.49
10.02
35.59
18.11
26.08
25.37
15.293333333333333
20.8
2.835833333333334
18.66
30.85
44.66
2.75
6.19
12.78
0.1288888888888889
4.92
39.58
39.77
12.57
23.15
16.35
44.6
18.03
38.9
41.84
23.7
24.66
28.23
42.76
8.163333333333334
45.54
40.12
4.801333333333333
39.0
28.5
21.35
35.64333333333333
6.53
32.43666666666667
11.46
15.7
20.78
2.68
17.04
36.03
50.0
32.29
24.166666666666664
16.8
37.58
44.61
8.92
24.845
28.56
16.54
32.12
39.62666666666667
3.1691428571428575
42.49
24.37
6.045
40.93
27.73
36.66
39.4
40.31
27.56
6.189880952380953
37.83
17.2
39.28
36.5
42.05
36.15166666666667
1.55
4.306666666666667
16.56
18.14
35.45
2.5
46.56
40.922
20.525
38.552
21.19
26.61
0.0
30.95
23.983333333333334
28.113333333333333
25.39
23.07
46.64666666666667
40.59
39.87
36.51
45.15
11.96
4.15
23.82
27.98
28.78
39.13
25.21
28.45
29.65
2.9733333333333336
39.51
28.82
34.5
13.19
24.31
33.5
22.4
38.22
17.87
33.633
26.64
23.65
38.66
36.75
34.21
31.017333333333337
38.89
17.93
36.58
35.79
45.97
20.29
15.21
22.48
1.2071428571428573
13.34
16.85
15.6
50.18
28.37
17.81
3.3
12.1
13.11
29.39
16.5
39.11
16.29
6.92
42.81
30.316666666666666
9.67
24.26
30.05
8.93
36.18
39.18
37.29
40.53
7.496333333333334
15.27
38.22
0.6
34.61
26.59
43.45
6.6775
32.01
34.91
25.32
41.69
16.93
32.86
34.48
13.48
34.66
36.87
19.35
30.84
27.55
39.7
14.92
40.63
27.79
39.67583333333334
0.0
45.62
37.145
17.87
36.65
14.53
33.19
33.49
40.65
16.84
6.25
39.72
0.4
28.7
38.8
9.96
20.06
35.01
14.79
15.928333333333335
24.51
35.71
20.56
40.08
41.58
10.25
2.9733333333333336
23.16
36.25
38.24
20.86
28.658333333333335
15.37
38.96
19.84
9.19
3.25
32.85
39.45
40.46
21.01
40.7
38.25
19.48
12.82
18.73
23.173333333333332
25.71
40.17
38.23416666666667
30.975
31.93
34.12
37.51
9.03
29.49
41.1
44.28
8.6
17.155
12.86
41.10666666666667
38.58
19.62
38.9
30.04
40.71
21.01
23.633333333333336
9.56
40.79
5.5825
23.14
28.423333333333332
38.04
39.91
12.93
28.17
35.91
13.543333333333333
19.57
40.903333333333336
5.07
26.44
21.2
47.69
39.63
20.183333333333334
30.528000000000002
38.14
38.975
17.55
5.27
7.695571428571428
38.52
40.18809523809524
38.8
10.655
39.24
31.85
28.61
33.38
28.81
40.18809523809524
38.74
37.6
37.16
8.5
10.03
40.3
8.26
44.24
38.61
36.54
38.88
10.83
11.28
0.0
20.37
39.17
40.43
25.42
35.33
21.39
39.94
25.49
41.66
40.39
38.56
18.84
19.37
27.01666666666667
32.28
23.53
18.2
29.17
19.04
32.91
37.18
26.82
4.14
13.78
2.41
1.4
11.09
6.21
18.19
34.26
17.77
31.49
12.149999999999999
19.61
20.74
10.96
41.77
25.675
21.99
41.58
22.3
25.38
1.0841666666666667
36.34
39.07
29.98
21.56
34.99
44.2
0.0
37.96
41.44333333333334
36.71
26.07
35.53
10.77
36.86
16.64
17.9
32.4
37.385
23.87
15.73
13.04
38.85
37.74
31.86
26.96
39.45333333333333
33.19
17.62
42.14
31.94
40.16
8.58
35.39
29.48
9.74
13.04
37.25
32.38
37.1
28.42
47.13
37.58
26.45
46.96
23.25
12.28
36.63
37.88
30.28
26.94
38.11
38.07
18.94
21.65
11.86
41.23
18.24
36.485
44.57
8.44
37.45
42.45
10.64
22.08
24.85
9.35
10.58
39.5
34.8
36.07
16.7
38.31
7.14
26.58
5.27
39.56
43.04
5.508888888888889
18.9
46.37276190476191
25.49
40.9
33.51
35.734
30.49
0.0
22.64
36.35
23.71
43.61
33.11
12.1
27.17
21.78
38.57
40.37
17.57
9.04
31.61
17.77
33.1
13.35
39.41
41.4
33.23
13.673333333333336
0.84
22.48
16.57
31.39
22.2
31.93
23.45
16.49835714285714
11.1
39.56
39.93
24.12
27.75
21.35
1.8466666666666667
42.02
18.928333333333335
36.276666666666664
13.795
10.55
38.62666666666667
10.39
41.77
7.37
19.87
24.2
27.49
0.0
0.0
5.65
23.46
17.2
13.34
25.38
23.82
47.29333333333334
29.61
20.5
38.22
43.78
38.39
12.17
31.54
42.54
5.95
38.46
36.92
36.73
7.28
45.28
37.01
17.39
24.166666666666664
41.19
21.17
37.89
15.59
24.92
40.937333333333335
28.41
12.68
15.49
44.0
41.82
32.58
35.42
29.50833333333333
46.97
34.71
37.269999999999996
31.166666666666664
12.25
44.72
36.96
4.06
1.15
40.73
27.3
7.62
43.55
37.23
20.74
0.0
38.5
3.84
28.96
15.19
39.5175
27.46
24.36
39.52
26.39
39.36
32.15
20.48333333333333
4.71
22.363333333333333
36.99
42.01
29.5
1.57
32.9
9.43
35.37
23.98
9.8
35.6
9.59
16.94
13.12
36.18
40.05
34.3
24.29333333333333
38.54
0.256
41.59
2.75
15.26
23.59
39.77666666666667
34.98
11.16
23.13
30.92
10.67
31.67
25.55
35.74
1.5
39.32
26.41
23.48
21.9
23.62
41.91
39.63
41.5
39.28
13.2
19.07
32.33
35.36333333333333
40.64
42.31
43.83
45.0
35.9
43.32
31.1
0.2
40.55
28.38
42.55
18.29
33.75
4.056
37.45
7.09
18.39
39.67
13.61
40.95
31.62
22.71
33.93
18.87
20.7
40.19
39.35
34.57
41.75
37.807857142857145
29.45
26.2
16.3
36.87
3.29
38.75
3.64
42.67
4.64
28.25
4.47
38.43
14.83
21.84
40.48
9.79
7.59
33.23
8.35
5.73
19.375
40.36
18.89
17.04666666666667
31.923333333333336
21.14
18.84
14.82
43.21
4.4
27.44166666666667
29.85
6.762469585969586
43.59
24.86
34.224000000000004
15.453333333333333
0.4
22.1
43.41
35.74
37.9
31.68
31.07
45.25
16.88
25.795
42.91
38.22
40.84
42.65
35.0
12.42
10.14
11.92
35.51
41.09
41.88
24.76
39.73
29.8
15.98
29.54
12.81
0.2
39.52
29.64
40.49
10.72
15.42
38.43
20.954166666666666
28.79
30.54
4.02
22.61
34.84
24.8
27.23
29.05
16.46
26.15
23.31
35.04
24.43
27.09
5.29
33.02
34.35
26.64
2.4
4.61
23.856666666666666
0.0
17.04
0.75
19.255
24.52
0.7766666666666666
27.93
34.12
17.21
1.82
38.69666666666667
29.97
44.84
14.69
3.51
37.66
39.93000000000001
13.73
29.27
30.37
10.88
28.53
17.3
37.19
26.4
36.91
0.0
17.11
13.78
11.32
38.2725
41.46
4.13
2.2
39.44
40.57
3.48
31.21
18.31
44.01
2.68
38.66
0.6604007936507935
3.3547070707070707
17.64
43.23
28.44
28.53333333333333
8.97
13.55
20.3
41.96
6.505079365079365
18.05
17.21
27.256190476190476
46.63
11.256666666666666
7.45
39.94
45.01
18.89
9.48
26.87
19.4
24.713333333333335
10.52
44.86
32.18600000000001
36.94
33.55
40.98
0.56
12.82
6.6425
8.1
40.54
20.57
22.24
18.18
15.75
11.976666666666665
40.22
10.92
37.97
17.11
42.31
16.52
23.39
23.43
31.82
0.8166666666666668
6.505079365079365
27.82
40.58
39.7
12.22
47.71
24.66
13.92
42.81
15.3
5.44
25.15
39.91
10.54
32.18600000000001
39.24
20.03
39.82
39.28
41.57
33.73
37.18
5.35
38.26
35.5
25.06
36.07
35.08
43.51
41.55
33.05
37.94
40.25
10.367142857142857
14.42
40.26
12.35
22.13
28.94
43.38
5.95
14.774666666666667
35.58
38.25
41.88
16.52
5.81
40.71
16.17
32.31
20.703833333333332
31.27
5.0134920634920634
2.71
18.17
29.96
25.743333333333336
23.35
38.72
32.58
14.57
0.9
32.475
24.13
40.75
25.31
15.64
20.8
39.09
24.15
1.35
10.69
13.24
25.11
1.01
39.75
42.44
28.88
33.37
27.43
27.83
9.21
36.81
21.93
25.613333333333333
5.94
13.17
41.39
7.72
21.75
38.51
21.34
37.35
40.07
0.6604007936507935
27.51
19.05
24.87
44.4
40.52
39.83
12.58
23.25
6.36
36.13666666666666
2.8366666666666664
2.65
19.39
41.16
43.22809523809523
13.55
13.21
14.79
34.01
19.386666666666667
14.95
23.28
36.42
37.16
17.45
39.58
21.215333333333337
38.8095
39.04
22.8
39.47
31.11
37.05
31.278333333333336
37.88
26.66
39.49
27.55
21.08
38.84
13.29
38.42
24.31
13.63
43.67
30.61
5.37
40.83
40.83
29.68
38.46
37.71
49.8
38.98
45.648
11.9375
24.23
37.5
37.78
27.46
24.045
36.05
31.15
41.38
11.58
25.76
25.40002164502165
11.24
35.17
22.21333333333333
31.78
33.4
27.58
29.29
25.09
38.38
39.96
29.22
38.72
18.74
11.85
38.23
40.9
19.65
28.79
37.83
36.416666666666664
9.571666666666667
31.683333333333334
19.99
39.93
18.28
16.8
7.37
18.935
40.02
0.0
18.92
38.94333333333333
9.81
0.8890476190476191
35.306666666666665
9.99
17.96
48.64
29.94
28.45
29.45
37.065
8.25
19.32
15.12
30.55
0.9
34.3
36.28
43.0
17.750833333333333
8.78
24.75
38.23
40.723333333333336
22.373333333333335
16.69
42.84333333333334
31.52
41.68
37.54
37.23
16.25
34.09
29.19
20.0
37.49
9.81
38.47
41.37
11.11
22.87
33.79
36.39
20.01
26.56
30.58
32.45333333333333
30.34
42.32
14.0
17.04666666666667
28.83
8.02
9.77
23.58
12.47
22.928238095238093
8.55
39.36
17.35
15.14
15.53
25.99
21.78
39.2
22.62
7.07
6.48
7.23
12.03
25.64
7.108666666666667
36.62
29.12
26.34
39.06
38.09
39.285
33.17
37.08
40.21
40.76
33.11
38.77
15.53
40.42
15.47
39.71
17.45
7.76
32.46
4.945333333333333
39.34
21.51
27.69
41.87
38.87
30.37
35.2702619047619
16.6
7.25
39.97
41.03
40.59
19.53
16.845555555555553
39.63
22.2
41.66
37.35
19.77
40.15
5.0
28.17
10.99
0.81
6.93
4.541428571428571
23.3
33.17
9.62
15.22
24.3
29.28
30.83
36.583333333333336
40.81
18.90566666666667
43.8
32.86
24.91
25.97
44.88
6.13
30.68
6.505079365079365
36.03
1.8
38.76
20.136666666666667
29.82
30.53
17.53
23.52
23.306666666666665
22.99
28.58
14.79
15.37
3.86
53.952
30.57
6.72
24.44
39.51
15.81
9.26
18.75
36.92
14.63
0.0
11.61
5.75
0.27666666666666667
4.12
31.59
7.22
26.47
37.61
26.91
29.28
36.60666666666667
23.35
18.85
35.48
19.82
10.99
8.8
3.34
37.145
40.12
14.34
35.84
18.695
35.12
9.4
39.76
20.81
5.36
12.775
22.745
42.91
39.33
11.19
40.27
20.43
29.22
32.02
36.53
40.75
28.86
29.54
25.729999999999997
36.03
11.28
12.994666666666667
16.25
32.78
24.11
28.26990476190477
18.61
29.87
10.23
36.56
41.09
28.76
25.29
38.63
28.54
44.84666666666667
14.89
37.52
39.63
39.76
29.13
15.623333333333335
26.3
10.62
35.95
12.18
35.0
41.16333333333334
23.16
37.71
29.46
29.44
37.71
43.56
38.63
35.99
18.34
38.15
36.18333333333334
4.427333333333333
43.99
18.66
32.68
25.35
7.472238095238095
30.53
0.79
37.61
24.84
21.17
21.42
18.58
31.89
21.2
38.36
16.79
33.07
24.52
9.05
27.13
27.91
34.54
22.89
11.93
33.71
8.84
48.77
20.93
36.96
35.69
12.96
8.07
24.17
36.3
34.4
24.65
41.88
22.68
33.97
31.69666666666667
30.62
15.743333333333334
19.16
29.905
18.07
38.65
43.58
32.88
38.39
36.34
33.69
1.1464642857142857
13.93
39.68333333333334
21.73
16.79
34.11666666666667
0.65
35.54
35.694
30.71
16.534857142857142
30.71
7.16
39.37
7.59
41.72
18.65
29.06
30.604166666666664
7.83
39.91
24.24
11.4125
25.74
17.95
12.67
27.49
22.35333333333333
48.67
38.13
36.95
40.04
33.4
44.29
27.01666666666667
12.09
6.88
20.8
27.06
41.54
25.99
40.28
47.27
31.32
38.89
13.906666666666668
13.82
44.32
13.35
39.61
32.89
36.34
34.95
38.11
43.26
40.11666666666667
25.65
41.86
26.27
39.31
14.25
3.6406666666666663
18.32
38.92
43.94
33.37
36.485
29.566666666666666
20.32
38.66
22.33
38.59
25.29
13.16
12.56
34.48
9.01
22.87
18.44
16.93
12.26
39.47
26.21
45.44
1.0285714285714287
33.58
41.89
18.33
26.61
22.385
7.1
42.35
28.79
38.89
27.78
14.5
32.33
41.88
18.45
4.65
1.9580000000000002
38.92916666666667
7.28
23.44
26.06
35.19
11.6
10.1
34.891999999999996
35.61
39.6
10.97
39.3
5.93
20.02
38.74666666666667
10.48
22.885
25.52
39.91
2.13
26.94
5.823333333333332
43.12
3.713333333333333
33.26833333333334
40.08
36.44
28.040833333333335
21.72
25.78
5.7
14.33
40.54
20.49
11.27
31.52
37.05
15.87
27.35
15.293333333333333
21.33
3.87
25.17
20.65
37.27
13.14
39.49
8.02
31.81
16.64
15.64
33.28914285714285
25.88
18.38
38.82
19.09
18.2
21.03
37.49
29.57
35.2
44.57
32.62
29.98
24.5
15.9
37.2
9.8
12.44
26.24
8.25
6.8
29.4
26.04
19.85
39.15
34.75
34.0
37.55
7.09
12.88
33.13
37.65
0.04
38.02
8.47
4.12
9.27
12.34
26.91
39.87
15.14
13.99
27.94
16.98
11.93
37.24
2.03
16.43
25.45
13.4
44.53
3.516666666666667
6.573333333333332
10.49
33.82
0.0
24.97
26.04
38.72
29.67
21.49
29.07
21.64333333333333
18.41
41.25
33.62
13.686666666666666
25.33
36.89
40.98
42.19
35.77
41.31
39.61
35.81
26.44
3.64
36.65
39.02
20.78
39.59
5.14
19.67
9.66
44.6
10.67
22.97
38.198
25.1
22.1
11.87
31.04
28.15
24.543333333333337
37.67
21.41
30.28
40.12
16.54
42.76466666666667
11.15
39.73
21.17
33.68
3.48
35.71
41.38
39.09
33.26
4.24
12.92
0.36
1.7958333333333334
20.68
35.67
38.15
34.68
40.12
6.02
38.27
10.97
18.5
38.68
10.93
8.055000000000001
8.05
22.19666666666667
18.23
19.17
26.34166666666667
41.25
33.38
17.445
23.48
26.85
19.04
3.16
39.85
37.86
39.79
34.86
35.71
38.48
18.8
0.46666666666666673
46.99
31.16
33.12
33.13
38.29
28.89
5.58
40.69
45.26
14.81
29.75
35.03
40.35
29.49
40.38
39.26
25.4
40.14
35.09
4.945333333333333
20.24
10.533333333333333
35.21
18.111666666666665
15.99
39.68
1.56
26.39
14.55
17.66
22.07
40.18
19.76583333333333
0.5266666666666666
40.08
32.14
37.7
30.123333333333335
40.1
0.0
30.24
42.71
7.814166666666666
14.23
9.64
1.71
17.98
38.71
39.81
43.4
27.46
39.19
43.1
16.22
39.69
9.94
40.01
7.59
31.79
29.866666666666664
3.86
18.24
43.08642857142857
31.54
34.443000000000005
24.02
28.392
39.07
31.0525
10.4
30.47
35.4
27.81
25.34822222222222
18.413333333333334
0.0
4.16
10.1
43.69
40.66
15.47
37.19
9.04
38.69
13.724
36.07
35.83
35.61
28.593333333333334
19.703333333333333
40.68
7.673809523809524
8.72
42.638666666666666
40.7
16.04
0.0
38.15
2.016
42.42
31.5
35.89
25.72
27.57
3.67
0.35
12.31
42.67
21.47
10.33
9.533333333333333
15.83
5.56
37.09666666666667
32.91
7.37
11.61
37.07
28.8
35.6
7.83
27.97
5.6325
40.88
28.13
6.6
37.69
21.17
37.32
29.72
16.53
15.326666666666668
37.57
29.79
4.4
32.06
26.21
39.27
39.76
23.20666666666667
36.26
12.99
38.4
34.87
48.53
11.76
1.38
25.42
3.4
4.0
39.75
40.42
40.92
3.81
2.78
19.82
28.72
21.6
39.64
37.99
29.52
13.24
12.93
4.175
38.78
4.833333333333332
41.95
3.75
29.61
25.21
13.13
31.45
26.97
51.73
40.19
7.67
27.83
14.5
26.76
20.19
46.28
28.48
25.69
26.88
38.27
25.57333333333333
17.02
37.28
38.16
9.32
29.86
19.75
2.79
19.57
30.9
25.69
12.09
40.71
39.43
41.46
40.29
46.81666666666667
34.58
40.11333333333333
16.0
7.6
27.01
0.04
18.21
12.89
26.36
15.04
38.7
38.14
37.52
39.3
36.81
18.16
45.32
25.2
29.923333333333332
38.34
8.82
37.17
40.05
28.0
22.84
17.15
33.17
7.26
25.23
31.989166666666666
40.86
3.3547070707070707
38.22
7.773333333333333
17.98
19.52
17.2
39.92
32.44
36.98
31.56
35.56
20.3
4.01
37.53
25.33
20.26
12.774761904761904
18.97
11.78
0.09
41.44333333333334
42.51
4.8
35.58
21.37835497835498
7.79
0.2
37.27766666666666
13.3
25.03
38.86
17.78
2.76
29.9
29.78
7.581666666666666
13.88
30.22
39.8425
41.05
35.66
26.11
4.4366666666666665
29.0
0.8616666666666666
8.79
22.1
36.2
2.66
23.91
16.3
42.87
25.94
31.59
40.49
40.91
38.81
31.79
33.68
4.56
40.72
32.51
29.57
34.32
19.9
20.01
15.46
41.14
20.95333333333333
26.593333333333334
35.2
29.93
39.01
50.2
20.504
40.92
37.56
15.394285714285713
8.75
23.07
42.17
16.96
22.65
39.7
24.11
0.925
19.0
29.99
33.32
38.1
3.0
29.36
39.9
24.23
40.55
30.91
25.729999999999997
1.06
22.31
13.99
40.84
45.1
8.02
29.76
35.1
33.83
13.32
22.95
7.711428571428571
31.9
38.63
22.015
36.54
21.45
39.84
32.02
9.255714285714285
35.6
10.03
38.81
24.01
38.36
38.99
33.94
11.85
28.13
44.84
49.63
43.25
2.7557142857142853
34.582857142857144
20.2975
43.956
20.46
45.24
16.77
24.951666666666668
40.04
21.42
1.0034848484848484
25.179999999999996
31.78
33.59
41.87
0.9
7.814166666666666
18.35
10.25
6.45
40.66
40.48
33.10333333333333
20.75
14.76
23.91
23.42
15.27
1.25
27.23333333333333
3.45
47.22
9.05
1.01
36.78
46.03
20.63
31.1
40.06
39.84166666666667
29.343333333333334
0.49
39.43
40.82
13.596666666666666
19.65
40.05
25.72
20.5
29.00333333333333
7.5
12.32
18.06
27.38
19.54
40.08
16.845555555555553
33.43
30.35
1.15
1.8
34.92
17.87
39.24
39.15
15.847999999999999
7.06
12.06
18.33
10.691666666666668
23.775
37.91
23.714000000000002
37.7
38.26
33.69
33.45
47.58
0.32
31.8
14.77
48.4
0.925
0.4
29.17
16.66
18.83
26.62
30.41
29.15
15.454166666666667
41.01
25.34
25.7
24.0
41.31
40.52
20.86
2.8833333333333333
40.1
38.88
32.458333333333336
34.84
17.18
23.12
15.8
37.23
40.068333333333335
37.84
9.57
18.34
16.62
23.74
5.94
4.54
22.29
11.76
23.5275
30.57
23.59
41.62133333333333
20.69333333333333
40.07
27.93
38.75
22.27
8.52
38.76
18.31
23.33
21.28
19.18
21.74
37.29
40.32
29.31
26.034000000000002
36.12
18.21
22.71
21.11
28.06333333333333
4.61
7.115333333333333
36.58
44.78
21.74
29.06
18.96
16.37
19.835
19.61
38.81
39.1
17.07
35.86
4.75
7.87
25.21
24.18
8.41
9.88
6.17
10.401428571428571
27.476666666666667
17.15
9.655
23.17
20.66
40.25
40.04
9.043333333333333
34.29333333333333
40.45
25.69
14.5
9.04
11.203333333333335
48.13
6.83
9.84
36.5
48.59
43.91
40.54
22.53
27.95
17.665
45.43
41.76
21.53
1.5
4.5
35.53
44.338
13.85
2.6
38.68
25.59
17.9
3.228571428571429
38.93
35.0
4.2
27.17
31.2
40.66
34.8
19.6
28.33
46.73
24.52
22.87
38.75
38.13
13.48
33.3
44.76333333333333
33.06
22.56833333333333
20.47
3.56
2.62
33.533095238095235
35.02
24.615
13.93
39.56
24.12
30.02
0.35
38.35
20.05
26.57
8.38
12.96
41.19
8.44
4.64
12.29
40.03
36.96
31.37
34.42
46.09
24.28
25.11
27.16
24.39
10.44
15.27
28.1
13.63
24.86
15.36
13.04
28.32
23.38
40.74
23.58166666666667
22.64
1.98
45.22
4.55
13.49
36.81
41.4
26.73
2.725952380952381
49.44
25.25
13.28
13.96
9.32
10.39
18.3
5.76
27.88
21.34333333333333
26.55
22.789499999999997
36.84
4.5
26.14
24.01
45.58
24.4
36.89
27.22
36.03
26.78
19.59
36.96
1.25
37.2
37.11
22.77
1.33
17.07
20.29
13.42
37.02
31.29
7.806666666666667
8.15
37.55
37.72
5.098888888888889
39.38
43.28
30.53
0.4
21.81666666666667
40.02
14.77
29.62
13.82
40.02
26.98
26.96
29.67
18.24
34.406666666666666
42.16
40.35
26.52
3.786666666666666
6.91
27.815
41.78
32.24
20.14
39.68
15.716666666666667
12.58
29.55
23.89
14.09
5.62
38.8
27.19333333333333
17.03
37.23
27.11
35.39
36.46
11.56
21.12
22.42
39.42
16.33
39.946666666666665
39.8
27.27
14.3
47.55
6.46
34.09
16.88
20.1
8.068
35.42
36.92666666666666
37.6
14.379047619047613
10.74
38.5
12.34
18.77
3.35
19.81
32.23
8.45
31.22
41.25
37.17
29.59
16.57
11.12
3.3547070707070707
24.08
22.67
13.98
26.67
17.184880952380954
37.95
16.48
7.4096666666666655
14.483333333333333
22.04
28.4
16.426666666666666
25.84
36.91
34.28
16.11
0.75
12.88
36.43
28.42
26.46
41.74
48.31
35.12
19.6
26.5
27.05
39.32
14.21
34.7
21.97
16.07
37.12
3.391666666666666
7.2
31.079000000000004
0.49
34.73
16.85
32.92
10.99
37.3
6.46
40.065
19.1
9.043333333333333
0.1288888888888889
8.82
15.86
24.08
14.37
36.42
11.49
42.92
23.52
5.32
29.63
27.23
36.4175
30.35
0.35666666666666663
21.44
22.63
39.81
32.61
48.11666666666666
39.79
11.15
9.76
46.38
21.708333333333336
29.47
5.11
39.62
24.21
11.9375
39.6
37.21
19.39
14.11
21.741999999999997
23.56
12.39
17.77
31.02333333333333
19.898
11.61
34.84
43.67
29.26
8.635
18.4
38.4
3.0
0.0
36.743619047619056
42.54833333333334
7.23
38.03
0.2
38.17
34.18
23.09
26.54
39.81
6.69
19.66
32.53
41.91
33.77
0.9
26.015
15.67
41.02
24.32
39.5
23.995
27.12
35.38
0.2714285714285714
31.15
36.64
15.97
27.06333333333333
38.28
16.33
8.95
1.81
36.77
32.63
39.52
12.29
0.0
6.67
14.08
41.77
40.16
38.57
30.438000000000002
13.94
0.04
28.59
37.24
34.47
39.06
22.39
14.91
38.4
13.95
27.15
38.82
46.16
26.11
14.32
26.75
23.72
18.34
39.62
40.17
41.23
18.97
26.65
13.8
16.89
37.75
14.98
35.45
37.86
28.27
1.431904761904762
17.4965873015873
34.38
41.19
44.82
38.95
27.38
29.44
28.83
43.17
1.48
19.76
39.59666666666667
37.82
28.833333333333336
16.39
1.0285714285714287
41.16
8.45
22.7
12.15
8.1
31.22
25.23
18.57
22.0
16.02
39.23
34.8
42.28
35.34
38.31
26.18
20.68
39.58
34.23
40.19
43.71
3.325
5.37
7.86
39.94
37.8
38.65
16.46
38.69
21.07
31.1
38.68
39.4
1.8466666666666667
37.86
37.4
37.413333333333334
39.06
33.14
34.9
18.19
19.25
0.6604007936507935
42.12
30.32
13.98
19.355333333333334
0.46666666666666673
32.01
37.79
23.78
10.82
12.98
21.56
39.36
34.91
43.21
40.6
0.48
20.136666666666667
39.45
24.48
18.09
9.75
18.69
34.67
38.78
17.69
25.280833333333334
43.77
19.44
19.44
20.76
3.786666666666666
37.73
40.08
39.86
33.47
25.19
19.81
35.24
18.03
10.9
37.08
30.08
37.91
17.73
16.5
14.98
2.15
23.173333333333332
40.48
47.67
35.01
33.67
22.063333333333336
26.48
29.68
38.48
7.35
31.8
32.5
4.15
31.11666666666667
17.861666666666668
8.44
1.38
23.48
2.476686507936508
2.36
36.47333333333333
27.85
33.21
41.153333333333336
18.06
33.76
22.74
35.3525
21.44
42.15
40.14
25.861666666666665
6.45
44.54
39.41
33.74
16.03
36.35
5.03
5.24
26.31
42.26
42.42
28.24
37.26
36.18
39.27
58.76333333333334
9.6
33.2875
32.45333333333333
19.49
36.9
5.313333333333333
32.16
16.43
23.98
40.56
13.51
8.07
13.67
19.63
17.32
16.24666666666667
16.83
22.2
33.77
37.145
20.48
37.16333333333333
0.12380952380952381
36.71
19.76583333333333
27.63
8.44
35.99
5.54
7.7
11.125901875901878
21.22
13.34
15.458333333333332
9.32
45.0
10.906666666666665
39.93
18.59
22.15333333333333
32.996
39.67
41.31
40.7
22.57
21.05
19.19
35.05
19.32
19.86
40.26
16.13
15.88
14.58
32.53
15.61
0.0
20.56
23.36
39.8
15.54
39.4025
9.93
26.11
38.79
22.02
25.9
27.28
45.1
17.17
38.97
34.31
33.68
33.54
37.28
37.88
40.92
21.49
9.86
23.77
39.98666666666667
44.54
16.22
40.5
12.04
14.34
41.03
37.9
6.15
37.45
16.07
46.9
27.35
39.28
38.01
45.99
5.38
15.066666666666668
39.16
9.93
3.1691428571428575
22.62
25.39111111111111
40.75
41.55
40.41
17.97
32.71
40.94
28.69
40.35
17.68
9.56
18.02
0.0
20.06
7.4
22.1
15.14
9.218666666666667
38.96
5.122534132534136
38.06
15.16
12.44
6.46
40.14
5.53
25.84
16.79
19.94
16.93
9.93
43.8
25.54
12.22
19.12
19.56
14.93
12.23
14.83
38.48666666666667
34.14
44.783
27.07
13.27
38.76
16.31
6.75
0.0
42.67
40.25109523809524
39.23
37.13
39.11
29.32333333333333
46.3
26.03
0.04
27.579785714285716
14.72
23.88
26.27
6.189880952380953
28.67
32.2
4.4366666666666665
40.73
39.55
38.63
29.53
13.83
21.44
39.37
13.85
43.03
16.29
40.85
47.04
14.51
9.98
17.87
26.84
38.88
34.41
28.11
13.22
27.08666666666667
31.06
16.22
27.03
18.34
41.27083333333334
15.93
10.53
21.29
32.13
32.09
21.54333333333333
40.46
23.79
37.67
7.43
21.37
16.53
43.18
37.78
22.93
28.25
39.66
20.79
18.47
12.1
9.52
38.69
37.63
3.72
31.73
41.57
39.17
42.58
36.62
0.0
6.82
40.32
7.03
7.28
41.6
37.62
16.17
16.24666666666667
20.47
20.88
31.38333333333333
10.466666666666665
40.31
0.12
42.04
17.38
15.31
14.580000000000002
18.42
26.21
1.9
14.712
30.12
23.64
16.26
35.16499999999999
38.68
19.69
11.53
24.47
34.95
13.02
0.0
6.79
15.55
20.29
6.613333333333332
37.418
25.2
32.78
22.93
32.25
34.54
31.47
41.15
17.9
18.86
29.9
41.51
27.1
29.8
0.6305357142857143
38.91
3.9
6.75
28.8
7.51
39.77
20.44
34.02
38.41
37.25666666666667
44.79
32.79
42.205
7.88
22.19
37.49
15.2
41.47
26.19
37.04
14.05
25.08
12.761666666666665
0.6
39.88
41.61
22.23
37.62
14.63
33.373333333333335
13.59
29.8
25.99
5.756
23.44
4.56
33.54
8.16
29.73
38.72
26.66
31.87
21.69
24.91
36.63133333333333
9.73
40.0
15.98
0.0
0.0
27.21
38.02
15.64
3.92
4.75
22.1
33.85
40.15
37.41
0.58
45.2
22.15
36.47
22.037333333333336
39.01
6.44
13.38
16.05
34.61
0.0
40.86
26.742000000000004
34.13
4.95
37.99
40.12
13.67
38.65
40.57
17.23
12.08
30.53
10.83
17.76
32.72
32.63
39.53
24.43
39.41
0.256
39.05
16.4425
30.13
32.47
39.02
32.27
20.85
15.47
29.49
0.0
36.57
21.45
54.36
1.194761904761905
19.03
5.04
10.37
15.19
14.07
17.45
34.3
28.75
18.91
15.056666666666665
12.34
41.42
40.15
30.99
29.68
35.46
40.63
40.11
43.43
31.860833333333332
23.18
7.41
38.3
20.60333333333333
38.98
24.04
25.24
38.58
6.189880952380953
25.729999999999997
16.065
2.3583333333333334
37.54292857142857
4.670372405372406
36.12
4.76649938949939
31.78
17.52
40.28
36.45
21.52
39.79
7.05
23.16
19.48
37.34
41.92
24.02
23.86
25.08
7.73
23.92
27.31
18.03
30.97
6.15
16.21
38.89
30.39
36.33
10.83
6.189880952380953
30.34
37.82
28.49
10.03
22.7
39.44
40.9
8.64
16.93
37.55
37.66
23.67
15.05
30.8
39.52
11.849999999999998
0.98
40.01
43.48
11.78
19.87
13.3
26.1
33.9
27.08
28.77
41.33
34.76
25.915
39.94
17.14
9.11
39.29
23.37
34.41
25.36
22.15
25.59
12.08
35.63
34.03
5.33
32.15
2.9675
27.82
3.76
40.74
26.82
13.6
31.85
3.86
19.35
18.95
30.56
7.4
17.6
10.61
17.76
5.14
37.25
5.146666666666667
14.41
13.85
39.89
35.87647619047619
48.25
13.3
25.88
30.65
37.0
36.05
6.02
22.4
33.62
36.03
26.44
41.12
38.51
38.84
41.22
32.91
42.98333333333333
23.29
37.07
38.65
14.3
16.97
36.17
37.27
35.72
10.946666666666665
21.11
0.36
4.88
42.78
39.82666666666667
27.605
32.42
0.27666666666666667
14.77
5.32
32.52
16.845555555555553
35.59
6.0825
25.82
4.963333333333333
28.18
32.03
0.0
18.17633333333333
31.64
33.21
7.71
31.703333333333333
22.79
41.84
14.27
14.52
0.0
26.742000000000004
22.34
6.46
37.67
22.21
26.41
39.26
9.85
37.44
32.27
38.35
29.907333333333337
0.724857142857143
15.18
21.27
15.564857142857143
27.46
38.44
18.41
9.15
39.87
11.52
38.22
16.47
39.64
15.54
21.36
38.49
33.14
22.48
12.83
23.236666666666668
31.36
10.61
8.2
21.68666666666667
17.155
6.2
0.55
40.08
3.7166666666666663
9.3
27.87
40.23
5.73
23.745
39.11
39.13
40.64
46.12
26.92
39.39
30.56
38.02
15.12
20.37
41.59
41.29
39.71
10.31
37.2
40.42
3.04
30.51
0.0
30.09
43.43
23.28
17.62
20.94
16.13
40.16
11.2
34.37
38.69033333333333
16.78333333333333
34.86
42.47
24.59652380952381
28.21
27.14
36.9
30.38
38.02
33.33
18.990000000000002
27.04
12.21
32.82
35.694
0.0
18.16
24.18
29.61
12.86
26.18
19.163333333333334
40.49
29.86
23.473333333333336
43.84
21.15
35.82
16.74761904761905
22.31
40.02
35.69
20.01
29.57
32.5
38.47
32.11
23.97
27.12
11.247619047619049
25.136904761904763
13.56
17.184880952380954
6.79
38.29
38.68
19.48
42.73
39.6
39.4
35.95
6.99
27.85
18.836666666666666
33.56
35.6
27.77
39.35
41.29
23.91
32.34
28.7
34.87
0.12380952380952381
52.54
0.4
30.01
43.56
31.079000000000004
0.0
17.95
18.15
37.56
5.65
38.38
38.04
9.28
5.44
29.421666666666667
14.6
11.963333333333335
7.56
20.96
34.67
41.97
35.60166666666667
17.21
37.25666666666667
43.68
39.64
18.669166666666662
37.04
44.53
7.92
18.67
3.43
14.87
36.98
30.13
39.21
36.65
32.15
26.8
7.81
37.01
17.184880952380954
14.89
35.02
24.17
17.77
44.49
24.48
26.71
10.675
4.37
12.46
0.0
12.78
7.095
26.45
37.56
44.53
49.507999999999996
28.64
7.91
1.2048571428571428
17.11
22.31
2.935
5.98
0.25
29.421666666666667
39.81
40.69
25.15
39.82
17.21
18.63
10.326666666666664
29.43
35.01
3.313333333333333
23.76
43.04
40.66
11.34
5.87
29.2
31.52
23.67
27.33
34.52
15.39
18.42
29.37
19.88
29.313333333333336
12.4
36.78
26.66
8.95
2.7
49.5
27.31
26.12
44.32
43.7
39.76
38.71
38.66
5.38
38.37
23.29
6.762469585969586
31.348333333333336
29.51
24.94
38.47
22.35
0.0
39.55
39.43
34.36333333333333
4.41
18.515
8.63
22.497333333333337
11.693333333333333
7.69
16.94
30.01
23.31
39.14
15.94
38.91
17.585
37.49
21.255833333333335
12.76
9.5
37.88
42.66
32.968333333333334
39.75
38.62
18.81
14.657619047619049
38.59
35.23666666666667
27.2
21.0
37.04
46.07
0.27666666666666667
16.23
33.74
41.9
40.77
4.04
7.236666666666667
10.65
22.443333333333335
39.86
18.38
13.43
36.02
31.86
36.34
38.05
36.43
21.65
35.06
24.52
3.98
14.53
6.04
36.2
8.81
8.12
41.34733333333334
39.85
10.58
7.71
18.12
41.65
17.9
28.76
4.34
9.65
15.453333333333333
30.64
16.39
0.0
23.1
26.03
36.8
21.77
28.16
3.3547070707070707
17.72
19.43835714285714
41.16
45.83
0.12380952380952381
29.39
21.71
19.35
26.33
4.2
42.24
40.233333333333334
34.59
19.1
41.806000000000004
8.2
6.3
29.72
34.65
8.58
38.96
42.21
20.4
20.05
33.61
23.67
12.201999999999998
33.14
14.13
15.06
27.33333333333333
41.29
40.74
0.0
24.54
11.41
28.8
6.983333333333333
11.7
39.62
36.24
14.44
15.86
16.06
26.39
25.21
34.55
35.11
34.013333333333335
11.52
10.47
33.71
29.566666666666666
15.66
38.3
14.7
4.0
37.64
25.96
19.933333333333334
41.7
38.14
36.01
31.94
29.17
42.54
13.0
12.66
35.33
13.18
39.59
25.24
40.98
26.9
39.46
49.32
33.46
32.03
21.78
17.62
16.9
30.61
40.27
19.573333333333334
2.4838095238095237
35.65
7.985833333333334
38.7
40.05
38.37
24.59333333333333
33.14
41.77
30.65
7.59
10.06
0.0
10.99
22.25
27.94
2.3583333333333334
42.51
30.84
18.99
3.7166666666666663
40.44
39.45
40.26342857142857
29.73
23.21
16.74
43.88
6.2
9.04
42.34
25.67
42.71
30.01
17.02
22.59
42.06
0.15
9.91
33.63366666666666
37.59
22.54
33.08
15.785
18.54
10.31
12.44
40.16666666666667
34.26
39.61
39.71
41.29
32.945
46.56
24.86
36.59
18.49
18.02
21.77
20.17
37.8
38.82
27.88
22.86
38.84
38.3
14.81
23.53
36.76
35.99
51.50333333333334
31.46
39.16
36.73
22.63
8.96
36.0
37.75
37.08
11.13
5.04
44.36
27.81
24.57
40.64
1.79
4.47
26.72
26.31
20.79
31.18666666666667
41.16333333333334
43.956
38.91
26.275999999999996
39.66
13.2
26.82
13.09
27.02
13.475
12.68
19.15
41.93
10.99
10.763750000000002
36.25
41.42
11.51
38.36
13.95
13.76
38.22666666666667
37.25
32.86
11.516666666666667
3.62
37.89
25.43
9.36
23.686666666666664
11.79
27.53
21.46
36.42
41.44
5.9
38.43
19.63
32.19
35.12
26.24
29.75666666666667
41.26
40.01
13.609166666666667
18.5
17.02
40.91
29.35
46.81
40.18809523809524
4.133333333333333
4.68
11.05
38.53
36.47
20.43
27.39
12.03
33.940000000000005
21.61
40.7
35.87
35.59
35.81
15.99
37.97
32.78
14.13
19.97
40.16
31.88
41.01
30.4
42.05
40.81216666666666
12.865
8.97
16.46
26.47
38.02
12.916825396825397
23.62
5.74
44.29
29.9
18.669166666666662
23.66
43.16
25.65
23.43
39.8425
23.61
37.4
9.35
36.47
17.57
4.2457142857142856
15.453333333333333
26.92
25.93
28.85
33.86
35.94
39.78
22.68
18.73
34.3
18.48
22.91
26.48
38.63
21.07
25.94
39.47
38.89
31.36
5.49
14.9
28.41
12.23
23.76
0.0
10.645
31.75
43.12
24.97
14.64
37.55
15.57
13.03
27.79
38.87
23.41
13.47
31.87
39.13
13.08
0.5114285714285713
24.97
35.22
38.52
44.1
38.87
27.58
38.56
25.03
17.89
12.55
40.66
31.7
37.94
25.7
1.0841666666666667
37.39
45.88
38.42
30.02
39.19
31.5
27.38
39.04
24.81
5.05
13.24
40.75
22.45
36.21
22.072
42.24
37.56
2.3591666666666664
35.52166666666667
30.52
38.98
37.53
11.91
39.66
23.44
25.405
19.33
19.0
32.09
23.71
36.03
9.5
5.75
23.26
31.3
46.98
6.762469585969586
40.31
37.33
39.38
21.26
40.61666666666667
27.3
42.29
25.89
13.145
21.82
12.79
40.85333333333333
5.525333333333334
38.45
23.47
35.9
11.82
28.42
36.18
41.46333333333334
22.25
32.95
5.41
30.13
17.39
12.55
7.61
39.35
41.15
23.53
26.83
41.18666666666667
12.45
26.66
15.18
40.33
25.79
34.75
43.86
36.406666666666666
1.0038095238095237
35.65
1.0034848484848484
17.27
20.32
35.99
39.02
26.30833333333333
15.59
39.64
34.87
36.46
28.91
15.49
39.33
28.01
26.41666666666667
29.663333333333334
39.46
53.46
13.526666666666666
28.82
29.48
24.43
36.743619047619056
14.32
23.37
24.63
39.93
17.36
18.91
6.75
37.53
19.32
6.26
40.17333333333333
6.461578282828284
42.07
25.94
28.52
37.82866666666666
37.69
38.84
27.53
20.36
38.6
15.76
26.49
17.3
3.033333333333333
39.93
23.47
23.423333333333332
18.66
9.503333333333334
31.41
38.09
20.89
10.52
30.32
17.43994047619048
29.68
42.19
4.993333333333334
0.2571428571428572
35.72
21.64333333333333
23.2
0.0
15.293333333333333
11.13
19.78
39.84
24.59
38.6
24.91
10.19
38.34
17.55
41.12
29.54666666666667
20.64
40.255
34.82
40.36
42.29
25.66
33.38
17.86
27.49
11.0
12.403333333333334
29.68
36.3
41.37
36.20666666666666
39.36
33.035
36.65
25.95
15.716666666666667
5.94
28.03
29.3
14.64
37.01
44.06
45.48533333333333
38.86
23.2
28.67
35.34
35.74
20.406666666666666
25.53
35.69333333333333
38.7
38.08
13.97
2.7557142857142853
24.93
40.63
28.81
24.34
1.432
12.51
18.25
18.71
6.82
41.74
37.5
1.5538095238095238
35.51
34.8
29.62
20.91
38.72
40.22
4.87
24.664
34.01
30.19
3.05
29.72
35.16
27.02
1.37
20.726666666666667
39.01
38.11
5.48
40.03
16.1
1.4666666666666668
36.91333333333333
2.82
26.313333333333336
32.95
17.38
38.9775
39.09
13.84
40.82
18.83
10.906666666666665
39.17
36.236666666666665
39.34
27.57
37.31
10.366996836496837
40.21
33.85
33.19
27.6
11.65
32.855
20.8
25.25
35.09
11.5
42.75
33.79
2.3591666666666664
17.338214285714283
38.56
13.48
25.93
39.75
18.84
35.86
1.2048571428571428
13.21
20.37
23.43
39.92
9.92
13.59
21.53
26.45
21.56
37.59
39.54
29.47
42.38
16.954
38.52
31.9
2.0
26.523333333333333
24.5
13.12
6.071666666666667
27.36
14.073333333333332
10.97
44.86
20.8
34.61
42.88
12.92
38.55
7.68
11.24
29.69
39.0
40.58
40.663333333333334
8.21
7.04
39.48
24.98
17.29
10.470000000000002
19.734
26.68
31.34
38.98
19.81
8.98557142857143
18.72
3.04
5.03
19.34
34.16
6.57
40.92
40.185
34.39333333333333
1.2048571428571428
39.47
38.92
25.24
35.96
50.08333333333334
6.5
12.905
18.1
0.0
1.89
22.47
2.14
39.03
24.66666666666667
15.7
46.7
36.51
0.724857142857143
29.21
23.56
31.62
27.53
39.06
45.86
28.71
39.68
25.85
22.69333333333333
37.18
31.27
16.21
38.76
40.21
40.77
30.98
39.76
42.08
38.46
45.79
27.32
11.65
37.74
37.87
20.21
22.38
38.61
42.39
5.508888888888889
31.327333333333335
37.9
46.51
7.775333333333334
23.66
36.97
41.47
33.56
28.425
38.43
49.15
37.95
14.68
27.25
11.66
39.28
46.38
34.14
6.94
38.89
32.81
6.9
30.51
32.48
3.52
38.4
40.19
41.66
16.28
40.18
36.42933333333333
2.65
39.86
0.7
2.986666666666667
2.15
34.89
41.32
19.15
36.08
36.62
30.03
39.58
18.02
19.52
39.2
18.2
6.81
37.96
16.27
19.28
9.94
15.68
18.36
42.18
11.78
7.82
29.46
12.52
13.98
26.01
48.51
33.93333333333334
11.17
33.25
38.018
29.373333333333335
25.16
25.89
14.73
29.46166666666667
30.66
41.44
40.91
31.5
34.38
50.5
34.32
40.76
36.35
37.68
15.01
42.74
0.12380952380952381
13.24
35.275
21.55
11.99
37.17
9.75
28.55
8.58
4.31
35.7
38.94
24.24
31.3
37.58
38.78
13.12
39.93
39.1
19.8
31.61
19.87
33.63
14.54
6.31
2.6
41.27
40.03
29.12
28.42
5.27
0.0
28.63
31.46
9.0
21.708333333333336
35.775
4.45
43.66
30.13
5.55
37.05
41.93
12.19
1.2600000000000002
35.1
38.09
15.38
14.8
25.729999999999997
20.27
12.96
18.9
41.21
29.64
8.15
36.43
6.801285714285715
23.53
49.13
0.88
39.29
19.49
31.28
39.27
15.43
17.95
21.35
27.79
0.0
40.54
29.67
37.5
40.14
54.29333333333334
39.84
31.52
10.57
33.19
14.36
19.87
24.16
43.96
38.65
14.62
31.64
35.74
38.05
42.36
36.63
13.55
2.746666666666667
17.37
39.45
26.61
31.51
36.101333333333336
2.725952380952381
24.21
42.83
15.4
9.78
24.48
42.59
30.67
18.165
29.11
30.54
38.67
37.55
15.81
27.55
6.11
26.21
45.53
13.12
25.85
14.883333333333335
40.644666666666666
51.82
13.42
6.2
18.99
37.76
35.34
29.86
45.06
18.936666666666664
1.24
30.62
33.25
16.845555555555553
16.68
14.53
41.41
35.72
15.06
3.66
20.57
20.8
28.36
25.35
38.14
26.953333333333333
4.85
29.37
39.49
20.316666666666666
34.93
29.945333333333334
40.82
22.68
38.39
29.33
34.913333333333334
38.3
38.08
32.74
22.28
39.75
15.42
36.71
17.71333333333333
26.37
25.26
39.66
28.5
47.87
29.05
45.58
0.0
38.44
34.66
36.47
39.801428571428566
37.18
19.27
2.55
23.43
38.62
24.01
3.87
24.77
52.74
31.6
28.919904761904768
34.81
29.59
24.83
31.66
3.25
32.555
5.36
11.51
18.61857142857143
42.3
46.41
24.28
34.36333333333333
0.95
27.34
33.7
37.96
38.7
14.82
40.73
54.36
38.21
17.63
39.82
18.36
37.986666666666665
38.57
41.09
1.5666666666666669
20.88
39.24
36.71
26.14
37.66
3.25
10.54
3.6
35.64
25.874545454545455
5.46
19.94
42.79
29.0
34.31
42.38
41.05
15.88
38.92
39.68
12.97
24.51
37.653333333333336
35.05
2.92
0.4
33.6
21.96
45.93
20.52
17.38
40.16
35.57
39.36
16.03
38.44
39.555
38.61
0.04
15.84
38.82
19.76
32.32
29.61
40.04
35.08
42.28
30.17
12.11
8.98557142857143
46.32
11.95
23.98
15.79
45.85
37.37
17.13
17.49
27.72
38.46
24.47
3.8
45.62
15.45
26.055
39.05
33.73333333333333
9.85
37.75
16.976666666666667
5.23
44.08
24.525333333333336
13.42
15.24
2.6
36.95
22.32
29.19
29.12
10.41
36.08
23.82
24.615
33.57
7.74
12.89
28.64
36.3
5.53
39.28
22.55
25.43
35.4575
6.35
39.55
15.581
28.17
19.815
34.04333333333334
36.45
2.725952380952381
21.37502380952381
33.66
15.563333333333334
9.74
12.55
25.19
10.4
40.02
7.68
3.85
6.176666666666666
27.24
23.64
24.17
15.08
43.08642857142857
20.05
12.46
26.19
35.94
23.576666666666664
19.31
2.96
10.706666666666665
7.236666666666667
0.0
18.61
12.05
8.09
2.75
20.4
23.21
31.54
3.83
22.33
37.8
38.08
21.12333333333333
35.13
32.05
37.04
15.1
33.38
10.943333333333333
31.865
14.8
40.38
38.91633333333333
29.95
40.28
10.04
40.04
28.89
22.29
16.251111111111115
49.1
38.355
19.343333333333334
32.36
23.6
40.67
14.86
17.81
39.94
6.36
36.58
15.53
19.591666666666665
1.2
35.96
40.32
5.73
10.7
37.96
6.08
16.79
5.32
25.79
14.77
35.8
38.46
15.794666666666666
24.59
23.62
32.93
16.32
22.73
40.61
25.39
37.46
26.53
31.18
19.453333333333333
34.62
32.85
37.27
33.1
43.03
32.44
24.845
37.4
39.94
42.17
38.19
16.71
4.76649938949939
15.28
14.8
18.74
13.14
20.22
45.34
19.58
23.41
5.79
10.89
24.05
25.32
39.4830238095238
20.88
44.52
40.4
31.89
20.48
39.08
36.42
5.18
37.27916666666667
37.67
38.41
20.58
37.32
18.27
1.1
8.25
11.63
23.87
15.17
18.34
9.09
14.73
34.53
40.79
36.65
8.27
7.22
38.08
14.94
15.64
10.27
39.58
2.83
18.67
10.49
6.62
20.76
11.292063492063491
21.75
6.32
22.02
27.73
39.9
36.71
40.3
19.07
42.25
27.08
41.36
37.145
16.11
3.983333333333334
39.06
30.92
31.495
7.3
2.9733333333333336
28.98
19.01
42.08
20.8
20.12
18.58
25.729999999999997
14.2
25.45
11.1
3.8833333333333337
38.4
20.91
18.45
36.62
32.23
17.1
20.31
10.76
32.79
27.42
38.39
21.56
18.56
28.6
25.56
18.98
40.24
21.65
38.53
44.56666666666667
23.1
4.05
21.11
25.136904761904763
38.74666666666667
23.285
44.23
37.295833333333334
8.76
23.542142857142856
11.12
11.9
27.57
19.87
12.48
37.878
37.67
18.56
31.25
20.61
27.28
21.12
32.93
39.64
13.4
13.08
39.87
31.04
41.50666666666666
39.84
32.37
28.19
24.39
25.02
37.96
40.25
29.88
33.79
53.12
21.58
38.54
34.96
16.79
11.633333333333335
39.07
5.11
43.51
38.61
37.67
35.87
17.96
11.1
7.0
24.06
24.86
40.13
23.486666666666665
39.06
38.53
38.61083333333333
5.2
24.78
5.64
15.92
27.19
24.3
38.84
25.72
37.57
17.48
38.62
43.16
9.29
7.35
34.71
12.794857142857143
36.02
10.3
28.95
29.79
36.6875
25.585
9.88
11.79
42.48
22.74
0.0
21.06
24.45
35.78
13.193333333333333
16.31
44.46
15.5
17.94
36.52
21.04
38.99
33.2875
36.9
20.14
39.62
10.41
32.51
22.69
24.93
9.36
45.3
31.45
57.12
23.28
14.28
10.7
16.3
29.98
22.97333333333333
37.65
42.16
17.44
41.0
4.546666666666666
33.87
44.24
23.81
35.3
40.27666666666667
15.75
31.53
39.33
22.26
29.45
7.67
40.0
35.88
25.11
39.18
33.27
38.17
15.113333333333333
40.16
6.98
14.510000000000002
11.575
42.25
18.72
5.06
18.82
30.72
15.1
15.52
40.355
23.495
18.29
29.99
0.58
42.56
29.93333333333333
21.24
19.17
23.81
38.42
39.52
33.81
17.96
2.49
20.19
11.83
4.4
16.14
11.8
24.99
36.74
23.515
41.19
3.3547070707070707
36.27
3.41
33.27
22.236666666666665
37.34
24.85
38.9
12.59
22.08
39.25
41.31
8.055000000000001
32.78
8.33
5.72
37.09
40.69
4.8
43.96
17.92
22.14
12.23
39.91659523809524
7.35
29.78333333333333
25.280833333333334
41.28
33.27
36.548
41.31
0.75
15.41
27.843333333333334
12.5
41.18
37.32
45.47
24.63
26.708238095238094
23.28
40.41
31.62
11.59
6.1
23.49
37.78
27.36
30.22
7.236666666666667
40.71
3.02
12.79
56.35
37.41
31.017333333333337
30.982476190476188
41.11
25.9
37.12
40.59
38.4
37.5
18.55
43.1
1.2071428571428573
27.07
16.6
28.07
6.54
1.8
14.793333333333333
18.72
22.37
30.76
15.439166666666667
42.16
7.5
23.86
39.09
40.29
6.94
18.26
31.52
35.37
18.96
21.41
43.4
34.196666666666665
24.09
55.82
20.0
12.77
37.24
40.11
22.28
22.48
31.39
41.37
16.37
6.762469585969586
35.19
9.774666666666667
23.006666666666664
16.72
4.66
37.6
17.5
0.0
14.11
20.79190476190476
26.99
42.18
19.835
21.94
28.86
9.989999999999998
41.18
40.72
25.75
41.19
38.61666666666667
28.78
0.0
15.99
21.28
16.26
1.96
43.3
39.2
39.82066666666667
39.98
34.93
36.06
5.07
20.504
41.68
17.14
30.14
36.56666666666667
22.67
23.84
23.63
18.87
38.49
27.76
30.86
12.47
8.28
38.84
41.89
31.12
35.21
40.45
23.75
36.92666666666666
43.57
18.51
25.18
37.68
38.4
41.65
17.34
36.99333333333333
38.1
39.85
25.46
1.9
38.41
54.49
42.26333333333334
39.93666666666667
27.29
4.116666666666666
35.89
13.55
27.756666666666664
44.11
10.79
20.26
25.75
38.45
23.09
25.14
25.74
16.86
34.17
9.0
41.24
27.33
43.47
16.76
32.49
39.91
14.960666666666667
28.16
16.62
32.55
21.1
19.33
11.24
25.74
25.136904761904763
28.42
7.53
38.766666666666666
32.17
24.74
42.12333333333334
3.58
30.838333333333335
0.6604007936507935
33.08
36.925
52.87
10.841324786324787
20.69
33.85
40.42
21.98
42.51
15.89
15.473333333333334
38.96
20.26
36.57
39.95
12.34
36.21
41.12
35.57
14.4
8.853333333333333
15.623333333333335
4.13
9.066666666666666
21.93116666666667
42.03
39.68
25.51
38.24
30.72
44.14
13.91
30.8
17.59
15.86
11.98
8.25
35.79
37.07
38.01
16.21
6.36
22.45
22.97
22.39
31.0575
40.51666666666667
36.99
7.94
28.85
41.937333333333335
15.84
13.12
20.61
28.95
17.093333333333334
